Skoleår;Skole;Nivå;Utdanningsprogram;Ant. fraværsdager;Ant. fraværstimer;Totalfravær (%)
2017/18;Færder videregående skole;vg 1;Bygg- og anleggsteknikk;4,3;17,7;4,1%
2018/19;Færder videregående skole;vg 1;Bygg- og anleggsteknikk;3,6;12,3;3,2%
2019/20;Færder videregående skole;vg 1;Bygg- og anleggsteknikk;3,9;19,2;4,0%
2020/21;Færder videregående skole;vg 1;Bygg- og anleggsteknikk;4,7;25,2;5,1%
2021/22;Færder videregående skole;vg 1;Bygg- og anleggsteknikk;1,8;28,8;3,9%
2022/23;Færder videregående skole;vg 1;Bygg- og anleggsteknikk;9,1;29,0;7,8%
2023/24;Færder videregående skole;vg 1;Bygg- og anleggsteknikk;3,0;8,5;2,5%
2017/18;Færder videregående skole;vg 2;Bygg- og anleggsteknikk;11,4;14,4;7,6%
2018/19;Færder videregående skole;vg 2;Bygg- og anleggsteknikk;5,0;8,0;3,5%
2019/20;Færder videregående skole;vg 2;Bygg- og anleggsteknikk;3,0;13,5;3,0%
2020/21;Færder videregående skole;vg 2;Bygg- og anleggsteknikk;1,7;10,8;2,0%
2021/22;Færder videregående skole;vg 2;Bygg- og anleggsteknikk;1,4;21,9;3,0%
2022/23;Færder videregående skole;vg 2;Bygg- og anleggsteknikk;4,1;41,6;6,4%
2023/24;Færder videregående skole;vg 2;Bygg- og anleggsteknikk;4,8;15,0;4,1%
2017/18;Færder videregående skole;vg 1;Design og håndverk;15,9;16,8;10,3%
2018/19;Færder videregående skole;vg 1;Design og håndverk;7,8;28,1;7,0%
2019/20;Færder videregående skole;vg 1;Design og håndverk;11,3;24,1;8,5%
2017/18;Færder videregående skole;vg 2;Design og håndverk;12,6;30,7;9,9%
2019/20;Færder videregående skole;vg 2;Design og håndverk;6,3;50,3;8,5%
2020/21;Færder videregående skole;vg 2;Design og håndverk;17,9;68,5;16,6%
2017/18;Færder videregående skole;vg 3;Design og håndverk;28,8;32,0;18,6%
2018/19;Færder videregående skole;vg 3;Design og håndverk;8,5;8,5;5,4%
2017/18;Færder videregående skole;vg 1;Elektro og datateknologi;3,1;5,7;2,3%
2018/19;Færder videregående skole;vg 1;Elektro og datateknologi;2,5;8,7;2,2%
2019/20;Færder videregående skole;vg 1;Elektro og datateknologi;1,8;5,1;1,5%
2020/21;Færder videregående skole;vg 1;Elektro og datateknologi;0,5;11,7;1,5%
2021/22;Færder videregående skole;vg 1;Elektro og datateknologi;0,4;6,3;0,9%
2022/23;Færder videregående skole;vg 1;Elektro og datateknologi;5,0;11,6;3,8%
2023/24;Færder videregående skole;vg 1;Elektro og datateknologi;4,7;6,0;3,1%
2017/18;Færder videregående skole;vg 2;Elektro og datateknologi;2,1;7,1;1,9%
2018/19;Færder videregående skole;vg 2;Elektro og datateknologi;3,2;8,3;2,6%
2019/20;Færder videregående skole;vg 2;Elektro og datateknologi;2,0;2,5;1,3%
2020/21;Færder videregående skole;vg 2;Elektro og datateknologi;0,2;8,7;1,0%
2021/22;Færder videregående skole;vg 2;Elektro og datateknologi;0,1;6,8;0,8%
2022/23;Færder videregående skole;vg 2;Elektro og datateknologi;1,9;12,0;2,2%
2023/24;Færder videregående skole;vg 2;Elektro og datateknologi;2,2;5,6;1,8%
2017/18;Færder videregående skole;vg 3;Elektro og datateknologi;6,5;23,4;5,9%
2018/19;Færder videregående skole;vg 3;Elektro og datateknologi;3,6;10,1;2,9%
2019/20;Færder videregående skole;vg 3;Elektro og datateknologi;7,1;19,2;5,7%
2020/21;Færder videregående skole;vg 3;Elektro og datateknologi;3,5;24,7;4,4%
2021/22;Færder videregående skole;vg 3;Elektro og datateknologi;0,7;5,4;0,9%
2022/23;Færder videregående skole;vg 3;Elektro og datateknologi;1,5;2,7;1,1%
2023/24;Færder videregående skole;vg 3;Elektro og datateknologi;1,3;5,3;1,2%
2017/18;Færder videregående skole;vg 1;Kunst, design og arkitektur;5,8;9,7;4,1%
2018/19;Færder videregående skole;vg 1;Kunst, design og arkitektur;5,8;16,8;4,8%
2019/20;Færder videregående skole;vg 1;Kunst, design og arkitektur;4,9;12,0;3,8%
2020/21;Færder videregående skole;vg 1;Kunst, design og arkitektur;0,2;6,1;0,7%
2021/22;Færder videregående skole;vg 1;Kunst, design og arkitektur;0,0;0,7;0,1%
2022/23;Færder videregående skole;vg 1;Kunst, design og arkitektur;8,5;23,2;6,9%
2023/24;Færder videregående skole;vg 1;Kunst, design og arkitektur;2,9;7,6;2,3%
2017/18;Færder videregående skole;vg 2;Kunst, design og arkitektur;7,4;19,8;6,0%
2018/19;Færder videregående skole;vg 2;Kunst, design og arkitektur;5,6;7,4;3,8%
2019/20;Færder videregående skole;vg 2;Kunst, design og arkitektur;6,8;8,0;4,4%
2020/21;Færder videregående skole;vg 2;Kunst, design og arkitektur;1,3;7,6;1,4%
2021/22;Færder videregående skole;vg 2;Kunst, design og arkitektur;0,6;9,9;1,3%
2022/23;Færder videregående skole;vg 2;Kunst, design og arkitektur;10,2;20,5;7,5%
2023/24;Færder videregående skole;vg 2;Kunst, design og arkitektur;4,4;12,4;3,6%
2018/19;Færder videregående skole;vg 3;Kunst, design og arkitektur;5,2;19,8;4,8%
2019/20;Færder videregående skole;vg 3;Kunst, design og arkitektur;2,4;17,8;3,1%
2020/21;Færder videregående skole;vg 3;Kunst, design og arkitektur;0,9;2,1;0,7%
2021/22;Færder videregående skole;vg 3;Kunst, design og arkitektur;1,9;6,9;1,7%
2022/23;Færder videregående skole;vg 3;Kunst, design og arkitektur;18,4;32,6;13,2%
2023/24;Færder videregående skole;vg 3;Kunst, design og arkitektur;8,1;10,4;5,4%
2017/18;Færder videregående skole;vg 3;Påbygging;6,4;12,9;6,0%
2018/19;Færder videregående skole;vg 3;Påbygging;6,7;13,8;6,0%
2019/20;Færder videregående skole;vg 3;Påbygging;5,7;13,5;5,5%
2020/21;Færder videregående skole;vg 3;Påbygging;2,3;11,8;2,9%
2021/22;Færder videregående skole;vg 3;Påbygging;2,6;12,3;3,1%
2022/23;Færder videregående skole;vg 3;Påbygging;10,9;12,6;9,1%
2023/24;Færder videregående skole;vg 3;Påbygging;4,5;10,1;4,2%
2017/18;Færder videregående skole;vg 3;Studiespesialisering;4,8;22,0;5,2%
2017/18;Færder videregående skole;vg 1;Teknologi- og industrifag;3,7;8,0;2,8%
2018/19;Færder videregående skole;vg 1;Teknologi- og industrifag;3,7;8,3;2,8%
2019/20;Færder videregående skole;vg 1;Teknologi- og industrifag;2,3;8,5;2,1%
2020/21;Færder videregående skole;vg 1;Teknologi- og industrifag;3,5;15,6;3,5%
2021/22;Færder videregående skole;vg 1;Teknologi- og industrifag;2,0;18,9;3,0%
2022/23;Færder videregående skole;vg 1;Teknologi- og industrifag;7,5;32,0;7,3%
2023/24;Færder videregående skole;vg 1;Teknologi- og industrifag;3,2;6,5;2,4%
2017/18;Færder videregående skole;vg 2;Teknologi- og industrifag;3,6;12,3;3,2%
2018/19;Færder videregående skole;vg 2;Teknologi- og industrifag;3,2;12,6;3,0%
2019/20;Færder videregående skole;vg 2;Teknologi- og industrifag;3,9;11,7;3,3%
2020/21;Færder videregående skole;vg 2;Teknologi- og industrifag;1,9;10,1;2,0%
2021/22;Færder videregående skole;vg 2;Teknologi- og industrifag;2,4;11,9;2,5%
2022/23;Færder videregående skole;vg 2;Teknologi- og industrifag;5,3;19,7;4,8%
2023/24;Færder videregående skole;vg 2;Teknologi- og industrifag;4,7;5,4;3,1%
2020/21;Greveskogen videregående skole;vg 1;IT og medieproduksjon;0,2;5,1;0,6%
2021/22;Greveskogen videregående skole;vg 1;IT og medieproduksjon;0,4;12,2;1,5%
2022/23;Greveskogen videregående skole;vg 1;IT og medieproduksjon;2,7;32,3;4,7%
2023/24;Greveskogen videregående skole;vg 1;IT og medieproduksjon;3,2;7,3;2,5%
2021/22;Greveskogen videregående skole;vg 2;IT og medieproduksjon;0,1;3,6;0,4%
2022/23;Greveskogen videregående skole;vg 2;IT og medieproduksjon;6,4;20,3;5,5%
2023/24;Greveskogen videregående skole;vg 2;IT og medieproduksjon;3,0;21,6;3,8%
2017/18;Greveskogen videregående skole;vg 1;Musikk, dans og drama;5,2;25,7;5,4%
2018/19;Greveskogen videregående skole;vg 1;Musikk, dans og drama;3,8;22,5;4,3%
2019/20;Greveskogen videregående skole;vg 1;Musikk, dans og drama;3,2;10,4;2,8%
2020/21;Greveskogen videregående skole;vg 1;Musikk, dans og drama;0,4;7,4;1,0%
2021/22;Greveskogen videregående skole;vg 1;Musikk, dans og drama;0,3;11,3;1,3%
2022/23;Greveskogen videregående skole;vg 1;Musikk, dans og drama;6,6;43,1;7,9%
2023/24;Greveskogen videregående skole;vg 1;Musikk, dans og drama;3,2;12,9;3,0%
2017/18;Greveskogen videregående skole;vg 2;Musikk, dans og drama;9,4;47,3;9,8%
2018/19;Greveskogen videregående skole;vg 2;Musikk, dans og drama;9,0;27,7;7,7%
2019/20;Greveskogen videregående skole;vg 2;Musikk, dans og drama;3,2;23,1;4,1%
2020/21;Greveskogen videregående skole;vg 2;Musikk, dans og drama;4,6;20,2;4,5%
2021/22;Greveskogen videregående skole;vg 2;Musikk, dans og drama;0,3;11,2;1,3%
2022/23;Greveskogen videregående skole;vg 2;Musikk, dans og drama;5,6;27,3;5,8%
2023/24;Greveskogen videregående skole;vg 2;Musikk, dans og drama;6,6;25,3;6,1%
2017/18;Greveskogen videregående skole;vg 3;Musikk, dans og drama;5,5;23,7;5,4%
2018/19;Greveskogen videregående skole;vg 3;Musikk, dans og drama;9,5;55,7;10,7%
2019/20;Greveskogen videregående skole;vg 3;Musikk, dans og drama;5,5;19,7;5,0%
2020/21;Greveskogen videregående skole;vg 3;Musikk, dans og drama;3,7;20,0;4,0%
2021/22;Greveskogen videregående skole;vg 3;Musikk, dans og drama;0,1;14,1;1,5%
2022/23;Greveskogen videregående skole;vg 3;Musikk, dans og drama;7,8;36,7;7,9%
2023/24;Greveskogen videregående skole;vg 3;Musikk, dans og drama;4,4;35,0;5,9%
2017/18;Greveskogen videregående skole;vg 3;Påbygging;8,4;22,0;10,3%
2018/19;Greveskogen videregående skole;vg 3;Påbygging;1,7;8,6;2,7%
2019/20;Greveskogen videregående skole;vg 3;Påbygging;4,1;11,9;5,2%
2017/18;Greveskogen videregående skole;vg 1;Restaurant- og matfag;14,8;18,3;9,8%
2018/19;Greveskogen videregående skole;vg 1;Restaurant- og matfag;6,5;16,2;5,1%
2019/20;Greveskogen videregående skole;vg 1;Restaurant- og matfag;6,2;12,0;4,5%
2020/21;Greveskogen videregående skole;vg 1;Restaurant- og matfag;8,4;21,0;6,6%
2021/22;Greveskogen videregående skole;vg 1;Restaurant- og matfag;1,3;14,2;2,2%
2022/23;Greveskogen videregående skole;vg 1;Restaurant- og matfag;6,7;41,6;7,8%
2023/24;Greveskogen videregående skole;vg 1;Restaurant- og matfag;6,6;20,6;5,6%
2017/18;Greveskogen videregående skole;vg 2;Restaurant- og matfag;7,0;8,4;4,6%
2018/19;Greveskogen videregående skole;vg 2;Restaurant- og matfag;12,0;16,7;8,1%
2019/20;Greveskogen videregående skole;vg 2;Restaurant- og matfag;8,3;12,0;5,7%
2020/21;Greveskogen videregående skole;vg 2;Restaurant- og matfag;4,4;7,8;3,1%
2021/22;Greveskogen videregående skole;vg 2;Restaurant- og matfag;1,7;9,4;1,9%
2022/23;Greveskogen videregående skole;vg 2;Restaurant- og matfag;3,1;37,2;5,5%
2023/24;Greveskogen videregående skole;vg 2;Restaurant- og matfag;1,2;21,4;2,8%
2020/21;Greveskogen videregående skole;vg 1;Salg, service og reiseliv;4,8;29,0;5,5%
2021/22;Greveskogen videregående skole;vg 1;Salg, service og reiseliv;1,6;7,1;1,6%
2022/23;Greveskogen videregående skole;vg 1;Salg, service og reiseliv;9,8;61,6;11,5%
2023/24;Greveskogen videregående skole;vg 1;Salg, service og reiseliv;5,7;31,9;6,3%
2021/22;Greveskogen videregående skole;vg 2;Salg, service og reiseliv;0,5;75,8;8,0%
2022/23;Greveskogen videregående skole;vg 2;Salg, service og reiseliv;19,8;35,8;14,2%
2023/24;Greveskogen videregående skole;vg 2;Salg, service og reiseliv;4,6;26,0;5,1%
2017/18;Greveskogen videregående skole;vg 1;Service og samferdsel;13,2;35,2;10,7%
2018/19;Greveskogen videregående skole;vg 1;Service og samferdsel;13,3;31,3;10,3%
2019/20;Greveskogen videregående skole;vg 1;Service og samferdsel;12,2;46,6;11,3%
2017/18;Greveskogen videregående skole;vg 2;Service og samferdsel;8,5;26,7;7,3%
2018/19;Greveskogen videregående skole;vg 2;Service og samferdsel;11,6;56,4;12,0%
2019/20;Greveskogen videregående skole;vg 2;Service og samferdsel;6,9;62,8;10,1%
2020/21;Greveskogen videregående skole;vg 2;Service og samferdsel;7,7;50,9;9,3%
2017/18;Greveskogen videregående skole;vg 1;Studiespesialisering;6,3;18,0;5,5%
2018/19;Greveskogen videregående skole;vg 1;Studiespesialisering;4,8;19,5;4,9%
2019/20;Greveskogen videregående skole;vg 1;Studiespesialisering;2,4;9,4;2,4%
2020/21;Greveskogen videregående skole;vg 1;Studiespesialisering;0,5;9,2;1,3%
2021/22;Greveskogen videregående skole;vg 1;Studiespesialisering;0,2;13,0;1,6%
2022/23;Greveskogen videregående skole;vg 1;Studiespesialisering;8,5;26,2;7,7%
2023/24;Greveskogen videregående skole;vg 1;Studiespesialisering;2,8;8,7;2,5%
2017/18;Greveskogen videregående skole;vg 2;Studiespesialisering;5,0;32,7;6,6%
2018/19;Greveskogen videregående skole;vg 2;Studiespesialisering;7,1;27,9;7,1%
2019/20;Greveskogen videregående skole;vg 2;Studiespesialisering;5,9;23,6;6,0%
2020/21;Greveskogen videregående skole;vg 2;Studiespesialisering;1,2;15,7;2,5%
2021/22;Greveskogen videregående skole;vg 2;Studiespesialisering;0,2;13,0;1,6%
2022/23;Greveskogen videregående skole;vg 2;Studiespesialisering;7,6;29,8;7,6%
2023/24;Greveskogen videregående skole;vg 2;Studiespesialisering;4,6;16,3;4,4%
2017/18;Greveskogen videregående skole;vg 3;Studiespesialisering;8,6;27,3;7,8%
2018/19;Greveskogen videregående skole;vg 3;Studiespesialisering;5,7;28,7;6,5%
2019/20;Greveskogen videregående skole;vg 3;Studiespesialisering;6,0;24,2;6,1%
2020/21;Greveskogen videregående skole;vg 3;Studiespesialisering;5,6;28,5;6,4%
2021/22;Greveskogen videregående skole;vg 3;Studiespesialisering;0,5;13,6;1,9%
2022/23;Greveskogen videregående skole;vg 3;Studiespesialisering;9,9;29,0;8,7%
2023/24;Greveskogen videregående skole;vg 3;Studiespesialisering;5,1;15,6;4,6%
2017/18;Holmestrand videregående skole;vg 1;Helse- og oppvekstfag;5,8;18,9;5,1%
2018/19;Holmestrand videregående skole;vg 1;Helse- og oppvekstfag;13,0;38,9;10,9%
2019/20;Holmestrand videregående skole;vg 1;Helse- og oppvekstfag;5,0;19,8;4,7%
2020/21;Holmestrand videregående skole;vg 1;Helse- og oppvekstfag;4,7;24,0;4,9%
2021/22;Holmestrand videregående skole;vg 1;Helse- og oppvekstfag;0,8;4,2;0,9%
2022/23;Holmestrand videregående skole;vg 1;Helse- og oppvekstfag;11,2;35,6;9,6%
2023/24;Holmestrand videregående skole;vg 1;Helse- og oppvekstfag;9,5;17,3;6,9%
2017/18;Holmestrand videregående skole;vg 2;Helse- og oppvekstfag;19,2;15,8;11,9%
2018/19;Holmestrand videregående skole;vg 2;Helse- og oppvekstfag;12,4;14,1;8,1%
2019/20;Holmestrand videregående skole;vg 2;Helse- og oppvekstfag;8,0;19,1;6,2%
2020/21;Holmestrand videregående skole;vg 2;Helse- og oppvekstfag;10,8;16,8;7,5%
2021/22;Holmestrand videregående skole;vg 2;Helse- og oppvekstfag;0,3;51,6;5,4%
2022/23;Holmestrand videregående skole;vg 2;Helse- og oppvekstfag;26,8;54,6;19,9%
2023/24;Holmestrand videregående skole;vg 2;Helse- og oppvekstfag;6,7;22,4;5,9%
2017/18;Holmestrand videregående skole;vg 1;Medier og kommunikasjon;4,8;20,8;4,7%
2018/19;Holmestrand videregående skole;vg 1;Medier og kommunikasjon;13,6;7,1;8,0%
2019/20;Holmestrand videregående skole;vg 1;Medier og kommunikasjon;6,4;11,6;4,6%
2017/18;Holmestrand videregående skole;vg 2;Medier og kommunikasjon;14,4;27,2;10,5%
2018/19;Holmestrand videregående skole;vg 2;Medier og kommunikasjon;9,8;39,2;9,2%
2019/20;Holmestrand videregående skole;vg 2;Medier og kommunikasjon;4,1;8,3;3,1%
2020/21;Holmestrand videregående skole;vg 2;Medier og kommunikasjon;0,5;16,3;1,9%
2018/19;Holmestrand videregående skole;vg 3;Medier og kommunikasjon;14,4;33,0;11,1%
2019/20;Holmestrand videregående skole;vg 3;Medier og kommunikasjon;0,0;5,0;0,5%
2020/21;Holmestrand videregående skole;vg 3;Medier og kommunikasjon;0,1;12,1;1,3%
2021/22;Holmestrand videregående skole;vg 3;Medier og kommunikasjon;3,3;28,8;4,7%
2017/18;Holmestrand videregående skole;vg 3;Påbygging;16,0;24,1;11,0%
2018/19;Holmestrand videregående skole;vg 3;Påbygging;19,6;46,0;15,1%
2019/20;Holmestrand videregående skole;vg 3;Påbygging;11,2;30,5;9,1%
2020/21;Holmestrand videregående skole;vg 3;Påbygging;8,8;60,6;10,9%
2021/22;Holmestrand videregående skole;vg 3;Påbygging;1,5;53,5;6,2%
2022/23;Holmestrand videregående skole;vg 3;Påbygging;35,7;46,7;23,8%
2023/24;Holmestrand videregående skole;vg 3;Påbygging;5,8;23,1;6,0%
2017/18;Holmestrand videregående skole;vg 1;Restaurant- og matfag;7,4;34,3;7,5%
2018/19;Holmestrand videregående skole;vg 1;Restaurant- og matfag;11,3;14,8;7,6%
2019/20;Holmestrand videregående skole;vg 1;Restaurant- og matfag;9,3;13,5;6,3%
2020/21;Holmestrand videregående skole;vg 1;Restaurant- og matfag;3,2;10,9;2,8%
2021/22;Holmestrand videregående skole;vg 1;Restaurant- og matfag;0,7;4,7;0,8%
2022/23;Holmestrand videregående skole;vg 1;Restaurant- og matfag;0,5;147,0;15,3%
2023/24;Holmestrand videregående skole;vg 1;Restaurant- og matfag;0,3;46,9;4,9%
2017/18;Holmestrand videregående skole;vg 2;Restaurant- og matfag;6,0;7,6;4,0%
2018/19;Holmestrand videregående skole;vg 2;Restaurant- og matfag;4,8;6,8;3,2%
2019/20;Holmestrand videregående skole;vg 2;Restaurant- og matfag;0,0;22,0;2,2%
2020/21;Holmestrand videregående skole;vg 2;Restaurant- og matfag;16,9;53,6;14,5%
2021/22;Holmestrand videregående skole;vg 2;Restaurant- og matfag;0,1;105,4;10,8%
2017/18;Holmestrand videregående skole;vg 1;Studiespesialisering;3,1;8,1;2,6%
2018/19;Holmestrand videregående skole;vg 1;Studiespesialisering;2,6;5,4;2,0%
2019/20;Holmestrand videregående skole;vg 1;Studiespesialisering;5,1;9,5;3,9%
2020/21;Holmestrand videregående skole;vg 1;Studiespesialisering;1,0;8,0;1,5%
2021/22;Holmestrand videregående skole;vg 1;Studiespesialisering;1,6;21,9;3,4%
2022/23;Holmestrand videregående skole;vg 1;Studiespesialisering;4,3;25,8;5,4%
2023/24;Holmestrand videregående skole;vg 1;Studiespesialisering;3,9;15,5;3,9%
2017/18;Holmestrand videregående skole;vg 2;Studiespesialisering;9,2;21,1;7,4%
2018/19;Holmestrand videregående skole;vg 2;Studiespesialisering;3,2;13,4;3,3%
2019/20;Holmestrand videregående skole;vg 2;Studiespesialisering;2,6;6,1;2,1%
2020/21;Holmestrand videregående skole;vg 2;Studiespesialisering;0,4;11,2;1,6%
2021/22;Holmestrand videregående skole;vg 2;Studiespesialisering;2,1;10,5;2,4%
2022/23;Holmestrand videregående skole;vg 2;Studiespesialisering;12,4;30,6;10,2%
2023/24;Holmestrand videregående skole;vg 2;Studiespesialisering;5,1;13,2;4,3%
2017/18;Holmestrand videregående skole;vg 3;Studiespesialisering;6,9;12,5;5,2%
2018/19;Holmestrand videregående skole;vg 3;Studiespesialisering;13,1;25,6;10,0%
2019/20;Holmestrand videregående skole;vg 3;Studiespesialisering;2,6;5,7;2,1%
2020/21;Holmestrand videregående skole;vg 3;Studiespesialisering;2,8;8,3;2,5%
2021/22;Holmestrand videregående skole;vg 3;Studiespesialisering;2,3;14,6;3,0%
2022/23;Holmestrand videregående skole;vg 3;Studiespesialisering;11,3;35,2;10,2%
2023/24;Holmestrand videregående skole;vg 3;Studiespesialisering;5,5;14,1;4,6%
2017/18;Holmestrand videregående skole;vg 1;Teknologi- og industrifag;13,4;23,9;9,6%
2018/19;Holmestrand videregående skole;vg 1;Teknologi- og industrifag;16,7;56,8;14,7%
2019/20;Holmestrand videregående skole;vg 1;Teknologi- og industrifag;4,4;18,5;4,2%
2020/21;Holmestrand videregående skole;vg 1;Teknologi- og industrifag;3,2;25,3;4,3%
2021/22;Holmestrand videregående skole;vg 1;Teknologi- og industrifag;2,8;31,0;4,7%
2022/23;Holmestrand videregående skole;vg 1;Teknologi- og industrifag;9,8;15,3;6,8%
2023/24;Holmestrand videregående skole;vg 1;Teknologi- og industrifag;6,5;34,3;7,0%
2017/18;Horten videregående skole;vg 1;Design og håndverk;8,5;13,9;5,9%
2018/19;Horten videregående skole;vg 1;Design og håndverk;8,5;27,6;7,4%
2019/20;Horten videregående skole;vg 1;Design og håndverk;6,1;15,3;4,8%
2017/18;Horten videregående skole;vg 2;Design og håndverk;13,6;14,8;8,8%
2018/19;Horten videregående skole;vg 2;Design og håndverk;12,7;11,9;8,0%
2019/20;Horten videregående skole;vg 2;Design og håndverk;7,1;29,0;6,7%
2020/21;Horten videregående skole;vg 2;Design og håndverk;5,0;9,0;3,6%
2017/18;Horten videregående skole;vg 1;Elektro og datateknologi;3,6;11,9;3,1%
2018/19;Horten videregående skole;vg 1;Elektro og datateknologi;7,2;12,8;5,2%
2019/20;Horten videregående skole;vg 1;Elektro og datateknologi;3,4;2,6;2,1%
2020/21;Horten videregående skole;vg 1;Elektro og datateknologi;0,5;4,2;0,7%
2021/22;Horten videregående skole;vg 1;Elektro og datateknologi;0,6;8,0;1,1%
2022/23;Horten videregående skole;vg 1;Elektro og datateknologi;4,7;13,9;3,9%
2023/24;Horten videregående skole;vg 1;Elektro og datateknologi;3,0;4,3;2,0%
2017/18;Horten videregående skole;vg 2;Elektro og datateknologi;4,5;5,9;3,0%
2018/19;Horten videregående skole;vg 2;Elektro og datateknologi;3,7;7,6;2,8%
2019/20;Horten videregående skole;vg 2;Elektro og datateknologi;3,6;4,9;2,4%
2020/21;Horten videregående skole;vg 2;Elektro og datateknologi;1,4;7,6;1,5%
2021/22;Horten videregående skole;vg 2;Elektro og datateknologi;0,7;1,4;0,5%
2022/23;Horten videregående skole;vg 2;Elektro og datateknologi;3,2;16,3;3,4%
2023/24;Horten videregående skole;vg 2;Elektro og datateknologi;2,0;9,3;2,0%
2017/18;Horten videregående skole;vg 3;Elektro og datateknologi;5,6;15,5;4,5%
2018/19;Horten videregående skole;vg 3;Elektro og datateknologi;8,9;6,1;5,4%
2019/20;Horten videregående skole;vg 3;Elektro og datateknologi;2,3;5,9;1,8%
2020/21;Horten videregående skole;vg 3;Elektro og datateknologi;0,8;6,6;1,1%
2021/22;Horten videregående skole;vg 3;Elektro og datateknologi;0,4;7,1;0,9%
2022/23;Horten videregående skole;vg 3;Elektro og datateknologi;0,1;44,3;4,6%
2023/24;Horten videregående skole;vg 3;Elektro og datateknologi;0,0;15,6;1,6%
2020/21;Horten videregående skole;vg 1;Frisør,blomst,int,eksp.design;2,1;15,5;2,7%
2021/22;Horten videregående skole;vg 1;Frisør,blomst,int,eksp.design;0,3;11,0;1,3%
2022/23;Horten videregående skole;vg 1;Frisør,blomst,int,eksp.design;9,1;53,8;10,3%
2023/24;Horten videregående skole;vg 1;Frisør,blomst,int,eksp.design;6,1;33,2;6,6%
2021/22;Horten videregående skole;vg 2;Frisør,blomst,int,eksp.design;2,9;21,5;3,7%
2022/23;Horten videregående skole;vg 2;Frisør,blomst,int,eksp.design;12,6;7,4;7,5%
2023/24;Horten videregående skole;vg 2;Frisør,blomst,int,eksp.design;14,4;9,3;8,6%
2017/18;Horten videregående skole;vg 1;Helse- og oppvekstfag;10,7;21,9;8,0%
2018/19;Horten videregående skole;vg 1;Helse- og oppvekstfag;11,3;17,1;7,8%
2019/20;Horten videregående skole;vg 1;Helse- og oppvekstfag;4,3;13,3;3,6%
2020/21;Horten videregående skole;vg 1;Helse- og oppvekstfag;1,2;12,7;2,0%
2021/22;Horten videregående skole;vg 1;Helse- og oppvekstfag;1,4;13,4;2,1%
2022/23;Horten videregående skole;vg 1;Helse- og oppvekstfag;15,6;31,6;11,6%
2023/24;Horten videregående skole;vg 1;Helse- og oppvekstfag;5,6;12,5;4,3%
2017/18;Horten videregående skole;vg 2;Helse- og oppvekstfag;7,8;12,1;5,4%
2018/19;Horten videregående skole;vg 2;Helse- og oppvekstfag;12,5;26,4;9,4%
2019/20;Horten videregående skole;vg 2;Helse- og oppvekstfag;7,6;13,2;5,4%
2020/21;Horten videregående skole;vg 2;Helse- og oppvekstfag;1,2;13,7;2,0%
2021/22;Horten videregående skole;vg 2;Helse- og oppvekstfag;1,8;8,3;1,8%
2022/23;Horten videregående skole;vg 2;Helse- og oppvekstfag;11,4;33,8;9,6%
2023/24;Horten videregående skole;vg 2;Helse- og oppvekstfag;7,2;18,5;5,7%
2017/18;Horten videregående skole;vg 1;Idrettsfag;3,4;28,7;4,8%
2018/19;Horten videregående skole;vg 1;Idrettsfag;2,1;13,0;2,4%
2019/20;Horten videregående skole;vg 1;Idrettsfag;3,3;6,3;2,4%
2020/21;Horten videregående skole;vg 1;Idrettsfag;0,7;12,0;1,6%
2021/22;Horten videregående skole;vg 1;Idrettsfag;1,0;7,1;1,3%
2022/23;Horten videregående skole;vg 1;Idrettsfag;6,1;17,8;5,1%
2023/24;Horten videregående skole;vg 1;Idrettsfag;2,3;13,0;2,6%
2017/18;Horten videregående skole;vg 2;Idrettsfag;15,0;25,6;10,6%
2018/19;Horten videregående skole;vg 2;Idrettsfag;3,9;26,0;4,7%
2019/20;Horten videregående skole;vg 2;Idrettsfag;2,6;18,7;3,3%
2020/21;Horten videregående skole;vg 2;Idrettsfag;2,0;17,3;2,9%
2021/22;Horten videregående skole;vg 2;Idrettsfag;0,6;16,5;2,0%
2022/23;Horten videregående skole;vg 2;Idrettsfag;6,9;22,6;6,0%
2023/24;Horten videregående skole;vg 2;Idrettsfag;4,1;14,5;3,7%
2017/18;Horten videregående skole;vg 3;Idrettsfag;4,6;15,4;4,0%
2018/19;Horten videregående skole;vg 3;Idrettsfag;9,2;30,4;8,0%
2019/20;Horten videregående skole;vg 3;Idrettsfag;4,0;24,1;4,6%
2020/21;Horten videregående skole;vg 3;Idrettsfag;1,4;17,8;2,6%
2021/22;Horten videregående skole;vg 3;Idrettsfag;1,4;18,4;2,6%
2022/23;Horten videregående skole;vg 3;Idrettsfag;5,7;30,7;6,2%
2023/24;Horten videregående skole;vg 3;Idrettsfag;3,0;9,7;2,6%
2020/21;Horten videregående skole;vg 1;IT og medieproduksjon;0,2;6,0;0,7%
2021/22;Horten videregående skole;vg 1;IT og medieproduksjon;1,9;19,1;3,0%
2022/23;Horten videregående skole;vg 1;IT og medieproduksjon;11,5;21,1;8,3%
2023/24;Horten videregående skole;vg 1;IT og medieproduksjon;3,2;8,2;2,5%
2021/22;Horten videregående skole;vg 2;IT og medieproduksjon;0,8;15,6;2,0%
2022/23;Horten videregående skole;vg 2;IT og medieproduksjon;10,8;28,1;8,7%
2023/24;Horten videregående skole;vg 2;IT og medieproduksjon;7,3;13,1;5,2%
2017/18;Horten videregående skole;vg 1;Medier og kommunikasjon;7,7;17,5;5,9%
2018/19;Horten videregående skole;vg 1;Medier og kommunikasjon;5,4;10,3;4,0%
2019/20;Horten videregående skole;vg 1;Medier og kommunikasjon;4,6;9,1;3,4%
2020/21;Horten videregående skole;vg 1;Medier og kommunikasjon;2,6;19,1;3,4%
2021/22;Horten videregående skole;vg 1;Medier og kommunikasjon;0,4;16,0;1,8%
2022/23;Horten videregående skole;vg 1;Medier og kommunikasjon;11,3;33,3;9,5%
2023/24;Horten videregående skole;vg 1;Medier og kommunikasjon;3,1;12,2;2,9%
2017/18;Horten videregående skole;vg 2;Medier og kommunikasjon;8,3;19,9;6,5%
2018/19;Horten videregående skole;vg 2;Medier og kommunikasjon;6,8;26,8;6,4%
2019/20;Horten videregående skole;vg 2;Medier og kommunikasjon;4,3;11,6;3,5%
2020/21;Horten videregående skole;vg 2;Medier og kommunikasjon;0,4;12,1;1,4%
2021/22;Horten videregående skole;vg 2;Medier og kommunikasjon;2,2;17,0;2,9%
2022/23;Horten videregående skole;vg 2;Medier og kommunikasjon;13,7;47,1;12,2%
2023/24;Horten videregående skole;vg 2;Medier og kommunikasjon;5,7;15,2;4,6%
2017/18;Horten videregående skole;vg 3;Medier og kommunikasjon;9,4;19,8;7,0%
2018/19;Horten videregående skole;vg 3;Medier og kommunikasjon;5,5;24,1;5,4%
2019/20;Horten videregående skole;vg 3;Medier og kommunikasjon;5,2;19,6;4,8%
2020/21;Horten videregående skole;vg 3;Medier og kommunikasjon;0,8;11,3;1,6%
2021/22;Horten videregående skole;vg 3;Medier og kommunikasjon;0,8;24,1;2,9%
2022/23;Horten videregående skole;vg 3;Medier og kommunikasjon;13,2;47,3;11,9%
2023/24;Horten videregående skole;vg 3;Medier og kommunikasjon;9,4;17,9;6,8%
2017/18;Horten videregående skole;vg 3;Påbygging;9,7;15,0;6,7%
2018/19;Horten videregående skole;vg 3;Påbygging;9,6;22,8;7,5%
2019/20;Horten videregående skole;vg 3;Påbygging;12,4;19,1;8,6%
2020/21;Horten videregående skole;vg 3;Påbygging;0,8;17,2;2,2%
2021/22;Horten videregående skole;vg 3;Påbygging;0,8;18,3;2,3%
2022/23;Horten videregående skole;vg 3;Påbygging;10,8;26,2;8,5%
2023/24;Horten videregående skole;vg 3;Påbygging;4,8;14,1;4,0%
2020/21;Horten videregående skole;vg 1;Salg, service og reiseliv;2,1;38,2;5,0%
2021/22;Horten videregående skole;vg 1;Salg, service og reiseliv;1,1;27,9;3,5%
2022/23;Horten videregående skole;vg 1;Salg, service og reiseliv;13,8;67,7;14,3%
2023/24;Horten videregående skole;vg 1;Salg, service og reiseliv;0,4;60,7;6,4%
2021/22;Horten videregående skole;vg 2;Salg, service og reiseliv;7,3;24,2;6,4%
2022/23;Horten videregående skole;vg 2;Salg, service og reiseliv;16,6;25,1;11,4%
2023/24;Horten videregående skole;vg 2;Salg, service og reiseliv;0,7;84,3;9,0%
2017/18;Horten videregående skole;vg 1;Service og samferdsel;8,0;31,2;7,5%
2018/19;Horten videregående skole;vg 1;Service og samferdsel;16,3;44,2;13,2%
2019/20;Horten videregående skole;vg 1;Service og samferdsel;6,6;25,4;6,1%
2017/18;Horten videregående skole;vg 2;Service og samferdsel;16,0;25,7;11,2%
2018/19;Horten videregående skole;vg 2;Service og samferdsel;5,6;21,0;5,1%
2019/20;Horten videregående skole;vg 2;Service og samferdsel;5,0;12,7;4,0%
2020/21;Horten videregående skole;vg 2;Service og samferdsel;10,8;42,4;10,1%
2017/18;Horten videregående skole;vg 1;Studiespesialisering;2,3;5,8;1,9%
2018/19;Horten videregående skole;vg 1;Studiespesialisering;4,5;9,6;3,5%
2019/20;Horten videregående skole;vg 1;Studiespesialisering;3,2;3,3;2,1%
2020/21;Horten videregående skole;vg 1;Studiespesialisering;0,4;5,9;0,9%
2021/22;Horten videregående skole;vg 1;Studiespesialisering;1,1;5,9;1,3%
2022/23;Horten videregående skole;vg 1;Studiespesialisering;6,1;9,7;4,4%
2023/24;Horten videregående skole;vg 1;Studiespesialisering;2,8;4,1;2,0%
2017/18;Horten videregående skole;vg 2;Studiespesialisering;6,8;17,3;5,7%
2018/19;Horten videregående skole;vg 2;Studiespesialisering;4,0;13,4;3,7%
2019/20;Horten videregående skole;vg 2;Studiespesialisering;5,0;10,1;3,9%
2020/21;Horten videregående skole;vg 2;Studiespesialisering;0,6;12,7;1,8%
2021/22;Horten videregående skole;vg 2;Studiespesialisering;2,8;16,7;3,5%
2022/23;Horten videregående skole;vg 2;Studiespesialisering;7,5;18,8;6,2%
2023/24;Horten videregående skole;vg 2;Studiespesialisering;4,7;15,4;4,3%
2017/18;Horten videregående skole;vg 3;Studiespesialisering;4,8;16,7;4,6%
2018/19;Horten videregående skole;vg 3;Studiespesialisering;7,1;21,5;6,3%
2019/20;Horten videregående skole;vg 3;Studiespesialisering;3,5;14,3;3,6%
2020/21;Horten videregående skole;vg 3;Studiespesialisering;2,6;16,8;3,4%
2021/22;Horten videregående skole;vg 3;Studiespesialisering;1,1;16,8;2,6%
2022/23;Horten videregående skole;vg 3;Studiespesialisering;7,0;20,0;6,1%
2023/24;Horten videregående skole;vg 3;Studiespesialisering;4,4;12,0;3,8%
2017/18;Horten videregående skole;vg 1;Teknologi- og industrifag;8,9;17,7;6,6%
2018/19;Horten videregående skole;vg 1;Teknologi- og industrifag;19,7;30,1;13,6%
2019/20;Horten videregående skole;vg 1;Teknologi- og industrifag;4,6;6,6;3,1%
2020/21;Horten videregående skole;vg 1;Teknologi- og industrifag;8,4;41,2;8,7%
2021/22;Horten videregående skole;vg 1;Teknologi- og industrifag;5,5;21,8;5,1%
2022/23;Horten videregående skole;vg 1;Teknologi- og industrifag;3,5;26,3;4,5%
2023/24;Horten videregående skole;vg 1;Teknologi- og industrifag;3,1;26,8;4,4%
2017/18;Horten videregående skole;vg 2;Teknologi- og industrifag;1,7;13,0;2,2%
2018/19;Horten videregående skole;vg 2;Teknologi- og industrifag;4,9;15,5;4,2%
2020/21;Horten videregående skole;vg 2;Teknologi- og industrifag;0,3;22,8;2,5%
2021/22;Horten videregående skole;vg 2;Teknologi- og industrifag;0,4;13,9;1,6%
2022/23;Horten videregående skole;vg 2;Teknologi- og industrifag;1,5;30,3;3,9%
2023/24;Horten videregående skole;vg 2;Teknologi- og industrifag;0,4;57,7;6,1%
2017/18;Melsom videregående skole;vg 1;Medier og kommunikasjon;7,3;23,5;6,3%
2018/19;Melsom videregående skole;vg 1;Medier og kommunikasjon;7,0;18,1;5,6%
2019/20;Melsom videregående skole;vg 1;Medier og kommunikasjon;14,5;22,2;10,0%
2020/21;Melsom videregående skole;vg 1;Medier og kommunikasjon;0,8;12,0;1,6%
2021/22;Melsom videregående skole;vg 1;Medier og kommunikasjon;0,6;25,6;2,9%
2022/23;Melsom videregående skole;vg 1;Medier og kommunikasjon;17,2;15,6;10,8%
2023/24;Melsom videregående skole;vg 1;Medier og kommunikasjon;6,6;7,8;4,3%
2017/18;Melsom videregående skole;vg 2;Medier og kommunikasjon;11,2;35,8;9,7%
2018/19;Melsom videregående skole;vg 2;Medier og kommunikasjon;13,5;37,8;11,1%
2019/20;Melsom videregående skole;vg 2;Medier og kommunikasjon;7,8;16,1;5,8%
2020/21;Melsom videregående skole;vg 2;Medier og kommunikasjon;2,1;44,0;5,6%
2021/22;Melsom videregående skole;vg 2;Medier og kommunikasjon;2,3;12,6;2,5%
2022/23;Melsom videregående skole;vg 2;Medier og kommunikasjon;16,6;23,1;11,3%
2023/24;Melsom videregående skole;vg 2;Medier og kommunikasjon;3,3;7,8;2,5%
2017/18;Melsom videregående skole;vg 3;Medier og kommunikasjon;8,5;21,2;6,7%
2018/19;Melsom videregående skole;vg 3;Medier og kommunikasjon;14,9;37,2;11,8%
2019/20;Melsom videregående skole;vg 3;Medier og kommunikasjon;12,8;23,2;9,2%
2020/21;Melsom videregående skole;vg 3;Medier og kommunikasjon;2,6;25,4;4,0%
2021/22;Melsom videregående skole;vg 3;Medier og kommunikasjon;8,3;36,0;8,1%
2022/23;Melsom videregående skole;vg 3;Medier og kommunikasjon;13,1;25,9;9,7%
2023/24;Melsom videregående skole;vg 3;Medier og kommunikasjon;8,3;21,9;6,6%
2017/18;Melsom videregående skole;vg 1;Naturbruk;5,9;26,1;5,8%
2018/19;Melsom videregående skole;vg 1;Naturbruk;11,6;46,6;11,0%
2019/20;Melsom videregående skole;vg 1;Naturbruk;8,7;24,0;7,1%
2020/21;Melsom videregående skole;vg 1;Naturbruk;1,5;20,2;2,9%
2021/22;Melsom videregående skole;vg 1;Naturbruk;5,6;35,0;6,6%
2022/23;Melsom videregående skole;vg 1;Naturbruk;8,1;31,1;7,5%
2023/24;Melsom videregående skole;vg 1;Naturbruk;3,7;15,1;3,5%
2017/18;Melsom videregående skole;vg 2;Naturbruk;6,0;26,6;5,9%
2018/19;Melsom videregående skole;vg 2;Naturbruk;6,3;15,8;5,0%
2019/20;Melsom videregående skole;vg 2;Naturbruk;6,5;21,2;5,6%
2020/21;Melsom videregående skole;vg 2;Naturbruk;5,4;26,1;5,5%
2021/22;Melsom videregående skole;vg 2;Naturbruk;0,9;29,7;3,5%
2022/23;Melsom videregående skole;vg 2;Naturbruk;6,6;32,7;6,9%
2023/24;Melsom videregående skole;vg 2;Naturbruk;2,1;26,7;3,9%
2017/18;Melsom videregående skole;vg 3;Naturbruk;6,7;34,0;7,1%
2018/19;Melsom videregående skole;vg 3;Naturbruk;5,5;13,4;4,3%
2019/20;Melsom videregående skole;vg 3;Naturbruk;4,2;14,5;3,7%
2020/21;Melsom videregående skole;vg 3;Naturbruk;1,7;28,5;3,8%
2021/22;Melsom videregående skole;vg 3;Naturbruk;0,2;4,8;0,6%
2022/23;Melsom videregående skole;vg 3;Naturbruk;10,5;18,1;7,5%
2023/24;Melsom videregående skole;vg 3;Naturbruk;3,0;5,0;2,1%
2017/18;Melsom videregående skole;vg 3;Påbygging;9,0;42,0;9,1%
2020/21;Melsom videregående skole;vg 3;Påbygging;8,0;34,2;8,9%
2021/22;Melsom videregående skole;vg 3;Påbygging;0,4;15,7;2,0%
2022/23;Melsom videregående skole;vg 3;Påbygging;13,0;50,1;12,2%
2023/24;Melsom videregående skole;vg 3;Påbygging;3,5;12,0;3,5%
2017/18;Melsom videregående skole;vg 1;Studiespesialisering;4,5;46,9;8,0%
2018/19;Melsom videregående skole;vg 1;Studiespesialisering;5,6;20,6;5,4%
2019/20;Melsom videregående skole;vg 1;Studiespesialisering;3,4;7,2;2,7%
2020/21;Melsom videregående skole;vg 1;Studiespesialisering;0,8;23,6;3,3%
2021/22;Melsom videregående skole;vg 1;Studiespesialisering;0,9;6,7;1,3%
2022/23;Melsom videregående skole;vg 1;Studiespesialisering;8,4;23,2;7,2%
2023/24;Melsom videregående skole;vg 1;Studiespesialisering;6,4;12,6;4,9%
2017/18;Melsom videregående skole;vg 2;Studiespesialisering;8,1;27,9;7,6%
2018/19;Melsom videregående skole;vg 2;Studiespesialisering;8,6;65,3;12,4%
2019/20;Melsom videregående skole;vg 2;Studiespesialisering;3,4;22,4;4,4%
2020/21;Melsom videregående skole;vg 2;Studiespesialisering;2,8;13,2;3,1%
2021/22;Melsom videregående skole;vg 2;Studiespesialisering;0,9;38,5;5,1%
2022/23;Melsom videregående skole;vg 2;Studiespesialisering;5,6;19,3;5,3%
2023/24;Melsom videregående skole;vg 2;Studiespesialisering;7,5;22,5;6,7%
2017/18;Melsom videregående skole;vg 3;Studiespesialisering;10,1;21,5;8,0%
2018/19;Melsom videregående skole;vg 3;Studiespesialisering;8,4;47,9;10,2%
2019/20;Melsom videregående skole;vg 3;Studiespesialisering;9,1;36,7;9,2%
2020/21;Melsom videregående skole;vg 3;Studiespesialisering;2,6;25,5;4,4%
2021/22;Melsom videregående skole;vg 3;Studiespesialisering;2,8;15,3;3,3%
2022/23;Melsom videregående skole;vg 3;Studiespesialisering;7,0;34,6;7,8%
2023/24;Melsom videregående skole;vg 3;Studiespesialisering;5,4;16,4;4,8%
2017/18;Nøtterøy videregående skole;vg 1;Helse- og oppvekstfag;9,3;16,4;6,7%
2018/19;Nøtterøy videregående skole;vg 1;Helse- og oppvekstfag;9,7;15,7;6,8%
2019/20;Nøtterøy videregående skole;vg 1;Helse- og oppvekstfag;8,4;16,2;6,1%
2020/21;Nøtterøy videregående skole;vg 1;Helse- og oppvekstfag;1,9;12,5;2,3%
2021/22;Nøtterøy videregående skole;vg 1;Helse- og oppvekstfag;3,1;16,8;3,4%
2022/23;Nøtterøy videregående skole;vg 1;Helse- og oppvekstfag;14,8;38,8;11,9%
2023/24;Nøtterøy videregående skole;vg 1;Helse- og oppvekstfag;7,5;14,5;5,5%
2017/18;Nøtterøy videregående skole;vg 2;Helse- og oppvekstfag;7,5;18,8;5,9%
2018/19;Nøtterøy videregående skole;vg 2;Helse- og oppvekstfag;7,1;22,3;6,1%
2019/20;Nøtterøy videregående skole;vg 2;Helse- og oppvekstfag;10,5;14,8;7,1%
2020/21;Nøtterøy videregående skole;vg 2;Helse- og oppvekstfag;1,0;11,2;1,7%
2021/22;Nøtterøy videregående skole;vg 2;Helse- og oppvekstfag;1,8;18,6;2,9%
2022/23;Nøtterøy videregående skole;vg 2;Helse- og oppvekstfag;7,8;27,7;7,0%
2023/24;Nøtterøy videregående skole;vg 2;Helse- og oppvekstfag;5,0;17,5;4,4%
2017/18;Nøtterøy videregående skole;vg 3;Helse- og oppvekstfag;4,9;10,3;3,6%
2018/19;Nøtterøy videregående skole;vg 3;Helse- og oppvekstfag;19,7;18,3;12,4%
2019/20;Nøtterøy videregående skole;vg 3;Helse- og oppvekstfag;14,8;18,0;9,8%
2020/21;Nøtterøy videregående skole;vg 3;Helse- og oppvekstfag;3,1;7,3;2,4%
2021/22;Nøtterøy videregående skole;vg 3;Helse- og oppvekstfag;3,1;7,5;2,4%
2022/23;Nøtterøy videregående skole;vg 3;Helse- og oppvekstfag;17,8;19,8;11,6%
2023/24;Nøtterøy videregående skole;vg 3;Helse- og oppvekstfag;5,9;8,3;4,0%
2017/18;Nøtterøy videregående skole;vg 3;Påbygging;5,5;10,2;4,0%
2018/19;Nøtterøy videregående skole;vg 3;Påbygging;5,5;14,0;4,4%
2019/20;Nøtterøy videregående skole;vg 3;Påbygging;3,9;16,6;3,8%
2020/21;Nøtterøy videregående skole;vg 3;Påbygging;2,0;9,1;2,0%
2021/22;Nøtterøy videregående skole;vg 3;Påbygging;1,2;18,7;2,6%
2022/23;Nøtterøy videregående skole;vg 3;Påbygging;9,1;27,7;7,7%
2023/24;Nøtterøy videregående skole;vg 3;Påbygging;7,0;12,3;5,0%
2017/18;Nøtterøy videregående skole;vg 1;Studiespesialisering;6,9;17,9;5,8%
2018/19;Nøtterøy videregående skole;vg 1;Studiespesialisering;2,4;8,7;2,3%
2019/20;Nøtterøy videregående skole;vg 1;Studiespesialisering;3,9;10,3;3,3%
2020/21;Nøtterøy videregående skole;vg 1;Studiespesialisering;0,3;6,8;1,0%
2021/22;Nøtterøy videregående skole;vg 1;Studiespesialisering;0,6;8,4;1,3%
2022/23;Nøtterøy videregående skole;vg 1;Studiespesialisering;9,5;24,3;7,9%
2023/24;Nøtterøy videregående skole;vg 1;Studiespesialisering;3,7;9,7;3,1%
2017/18;Nøtterøy videregående skole;vg 2;Studiespesialisering;4,3;27,9;5,6%
2018/19;Nøtterøy videregående skole;vg 2;Studiespesialisering;5,2;26,6;5,9%
2019/20;Nøtterøy videregående skole;vg 2;Studiespesialisering;3,8;12,7;3,5%
2020/21;Nøtterøy videregående skole;vg 2;Studiespesialisering;0,8;11,9;1,8%
2021/22;Nøtterøy videregående skole;vg 2;Studiespesialisering;0,8;16,3;2,4%
2022/23;Nøtterøy videregående skole;vg 2;Studiespesialisering;8,7;29,2;8,1%
2023/24;Nøtterøy videregående skole;vg 2;Studiespesialisering;4,3;15,0;4,1%
2017/18;Nøtterøy videregående skole;vg 3;Studiespesialisering;4,9;30,5;6,3%
2018/19;Nøtterøy videregående skole;vg 3;Studiespesialisering;6,7;28,9;7,0%
2019/20;Nøtterøy videregående skole;vg 3;Studiespesialisering;4,7;23,2;5,2%
2020/21;Nøtterøy videregående skole;vg 3;Studiespesialisering;0,8;14,6;2,2%
2021/22;Nøtterøy videregående skole;vg 3;Studiespesialisering;1,4;18,5;2,9%
2022/23;Nøtterøy videregående skole;vg 3;Studiespesialisering;8,1;25,1;7,3%
2023/24;Nøtterøy videregående skole;vg 3;Studiespesialisering;4,9;16,5;4,6%
2017/18;Re videregående skole;vg 1;Bygg- og anleggsteknikk;4,2;7,2;3,0%
2018/19;Re videregående skole;vg 1;Bygg- og anleggsteknikk;4,9;7,7;3,4%
2019/20;Re videregående skole;vg 1;Bygg- og anleggsteknikk;2,8;7,1;2,2%
2020/21;Re videregående skole;vg 1;Bygg- og anleggsteknikk;1,7;8,1;1,7%
2021/22;Re videregående skole;vg 1;Bygg- og anleggsteknikk;1,1;11,4;1,8%
2022/23;Re videregående skole;vg 1;Bygg- og anleggsteknikk;6,8;20,4;5,7%
2023/24;Re videregående skole;vg 1;Bygg- og anleggsteknikk;2,7;8,3;2,3%
2017/18;Re videregående skole;vg 2;Bygg- og anleggsteknikk;2,7;12,1;2,7%
2018/19;Re videregående skole;vg 2;Bygg- og anleggsteknikk;2,9;21,6;3,7%
2019/20;Re videregående skole;vg 2;Bygg- og anleggsteknikk;0,7;10,6;1,5%
2020/21;Re videregående skole;vg 2;Bygg- og anleggsteknikk;1,2;9,1;1,6%
2021/22;Re videregående skole;vg 2;Bygg- og anleggsteknikk;0,4;15,3;1,8%
2022/23;Re videregående skole;vg 2;Bygg- og anleggsteknikk;0,1;33,9;3,5%
2023/24;Re videregående skole;vg 2;Bygg- og anleggsteknikk;1,2;16,8;2,4%
2017/18;Re videregående skole;vg 1;Helse- og oppvekstfag;8,9;10,4;5,8%
2018/19;Re videregående skole;vg 1;Helse- og oppvekstfag;7,0;16,7;5,4%
2019/20;Re videregående skole;vg 1;Helse- og oppvekstfag;3,6;7,0;2,6%
2020/21;Re videregående skole;vg 1;Helse- og oppvekstfag;2,2;5,5;1,7%
2021/22;Re videregående skole;vg 1;Helse- og oppvekstfag;1,4;11,5;1,9%
2022/23;Re videregående skole;vg 1;Helse- og oppvekstfag;6,2;21,4;5,5%
2023/24;Re videregående skole;vg 1;Helse- og oppvekstfag;4,4;10,3;3,4%
2017/18;Re videregående skole;vg 2;Helse- og oppvekstfag;8,3;10,8;5,6%
2018/19;Re videregående skole;vg 2;Helse- og oppvekstfag;5,6;15,0;4,5%
2019/20;Re videregående skole;vg 2;Helse- og oppvekstfag;3,8;9,7;3,0%
2020/21;Re videregående skole;vg 2;Helse- og oppvekstfag;1,8;9,6;1,9%
2021/22;Re videregående skole;vg 2;Helse- og oppvekstfag;1,4;14,9;2,2%
2022/23;Re videregående skole;vg 2;Helse- og oppvekstfag;12,0;16,4;8,1%
2023/24;Re videregående skole;vg 2;Helse- og oppvekstfag;5,4;9,3;3,8%
2017/18;Re videregående skole;vg 1;Idrettsfag;5,5;16,0;4,6%
2018/19;Re videregående skole;vg 1;Idrettsfag;3,9;12,5;3,3%
2019/20;Re videregående skole;vg 1;Idrettsfag;2,0;6,4;1,7%
2020/21;Re videregående skole;vg 1;Idrettsfag;0,6;8,3;1,2%
2021/22;Re videregående skole;vg 1;Idrettsfag;0,6;10,6;1,4%
2022/23;Re videregående skole;vg 1;Idrettsfag;3,5;24,5;4,3%
2023/24;Re videregående skole;vg 1;Idrettsfag;2,3;7,7;2,0%
2017/18;Re videregående skole;vg 2;Idrettsfag;5,1;14,4;4,2%
2018/19;Re videregående skole;vg 2;Idrettsfag;7,1;20,3;5,9%
2019/20;Re videregående skole;vg 2;Idrettsfag;2,6;11,5;2,6%
2020/21;Re videregående skole;vg 2;Idrettsfag;1,9;11,7;2,2%
2021/22;Re videregående skole;vg 2;Idrettsfag;1,7;17,2;2,7%
2022/23;Re videregående skole;vg 2;Idrettsfag;4,1;16,0;3,8%
2023/24;Re videregående skole;vg 2;Idrettsfag;1,9;13,9;2,4%
2017/18;Re videregående skole;vg 3;Idrettsfag;7,1;18,9;5,7%
2018/19;Re videregående skole;vg 3;Idrettsfag;3,1;12,1;2,9%
2019/20;Re videregående skole;vg 3;Idrettsfag;3,6;11,8;3,1%
2020/21;Re videregående skole;vg 3;Idrettsfag;0,8;11,2;1,6%
2021/22;Re videregående skole;vg 3;Idrettsfag;0,4;18,1;2,1%
2022/23;Re videregående skole;vg 3;Idrettsfag;4,4;26,8;5,1%
2023/24;Re videregående skole;vg 3;Idrettsfag;3,1;13,8;3,0%
2017/18;Re videregående skole;vg 3;Påbygging;9,6;7,6;5,9%
2018/19;Re videregående skole;vg 3;Påbygging;6,0;15,9;4,9%
2019/20;Re videregående skole;vg 3;Påbygging;5,8;9,5;4,1%
2020/21;Re videregående skole;vg 3;Påbygging;1,7;10,8;2,0%
2021/22;Re videregående skole;vg 3;Påbygging;0,5;5,6;0,9%
2022/23;Re videregående skole;vg 3;Påbygging;7,4;33,2;7,3%
2023/24;Re videregående skole;vg 3;Påbygging;4,2;11,1;3,4%
2017/18;Re videregående skole;vg 1;Studiespesialisering;5,0;16,5;4,6%
2018/19;Re videregående skole;vg 1;Studiespesialisering;4,6;12,9;4,0%
2019/20;Re videregående skole;vg 1;Studiespesialisering;2,7;7,7;2,3%
2020/21;Re videregående skole;vg 1;Studiespesialisering;1,0;7,1;1,4%
2021/22;Re videregående skole;vg 1;Studiespesialisering;0,4;6,1;1,0%
2022/23;Re videregående skole;vg 1;Studiespesialisering;8,0;16,6;6,2%
2023/24;Re videregående skole;vg 1;Studiespesialisering;3,5;9,9;3,1%
2017/18;Re videregående skole;vg 2;Studiespesialisering;5,2;21,5;5,3%
2018/19;Re videregående skole;vg 2;Studiespesialisering;5,8;30,5;6,7%
2019/20;Re videregående skole;vg 2;Studiespesialisering;3,1;15,1;3,5%
2020/21;Re videregående skole;vg 2;Studiespesialisering;1,5;16,5;2,7%
2021/22;Re videregående skole;vg 2;Studiespesialisering;0,9;14,1;2,2%
2022/23;Re videregående skole;vg 2;Studiespesialisering;8,1;23,8;7,2%
2023/24;Re videregående skole;vg 2;Studiespesialisering;3,4;12,5;3,3%
2017/18;Re videregående skole;vg 3;Studiespesialisering;4,2;25,0;5,2%
2018/19;Re videregående skole;vg 3;Studiespesialisering;6,1;21,2;5,8%
2019/20;Re videregående skole;vg 3;Studiespesialisering;7,3;15,1;5,7%
2020/21;Re videregående skole;vg 3;Studiespesialisering;2,6;14,3;3,1%
2021/22;Re videregående skole;vg 3;Studiespesialisering;1,1;11,7;2,0%
2022/23;Re videregående skole;vg 3;Studiespesialisering;6,8;20,4;6,1%
2023/24;Re videregående skole;vg 3;Studiespesialisering;3,9;12,8;3,6%
2017/18;Sande videregående skole;vg 1;Elektro og datateknologi;7,6;9,8;5,0%
2018/19;Sande videregående skole;vg 1;Elektro og datateknologi;11,3;13,3;7,4%
2019/20;Sande videregående skole;vg 1;Elektro og datateknologi;5,4;9,0;3,8%
2020/21;Sande videregående skole;vg 1;Elektro og datateknologi;0,8;10,1;1,5%
2021/22;Sande videregående skole;vg 1;Elektro og datateknologi;1,1;9,3;1,5%
2022/23;Sande videregående skole;vg 1;Elektro og datateknologi;2,3;30,3;4,3%
2023/24;Sande videregående skole;vg 1;Elektro og datateknologi;4,2;16,2;3,9%
2017/18;Sande videregående skole;vg 2;Elektro og datateknologi;3,9;24,9;4,6%
2018/19;Sande videregående skole;vg 2;Elektro og datateknologi;7,4;28,4;6,8%
2019/20;Sande videregående skole;vg 2;Elektro og datateknologi;2,7;11,9;2,6%
2020/21;Sande videregående skole;vg 2;Elektro og datateknologi;0,9;24,9;3,0%
2021/22;Sande videregående skole;vg 2;Elektro og datateknologi;0,4;10,3;1,3%
2022/23;Sande videregående skole;vg 2;Elektro og datateknologi;5,0;6,5;3,3%
2023/24;Sande videregående skole;vg 2;Elektro og datateknologi;3,3;4,3;2,2%
2017/18;Sande videregående skole;vg 1;Helse- og oppvekstfag;11,5;15,4;7,7%
2018/19;Sande videregående skole;vg 1;Helse- og oppvekstfag;12,2;22,6;8,8%
2019/20;Sande videregående skole;vg 1;Helse- og oppvekstfag;8,4;8,1;5,3%
2020/21;Sande videregående skole;vg 1;Helse- og oppvekstfag;0,9;3,9;0,9%
2021/22;Sande videregående skole;vg 1;Helse- og oppvekstfag;2,2;13,9;2,6%
2022/23;Sande videregående skole;vg 1;Helse- og oppvekstfag;14,0;20,6;9,6%
2023/24;Sande videregående skole;vg 1;Helse- og oppvekstfag;8,9;11,4;5,9%
2017/18;Sande videregående skole;vg 2;Helse- og oppvekstfag;6,2;12,4;4,6%
2018/19;Sande videregående skole;vg 2;Helse- og oppvekstfag;13,2;24,0;9,5%
2019/20;Sande videregående skole;vg 2;Helse- og oppvekstfag;7,6;12,8;5,4%
2020/21;Sande videregående skole;vg 2;Helse- og oppvekstfag;0,9;10,4;1,5%
2021/22;Sande videregående skole;vg 2;Helse- og oppvekstfag;1,1;8,9;1,5%
2022/23;Sande videregående skole;vg 2;Helse- og oppvekstfag;12,8;25,8;9,5%
2023/24;Sande videregående skole;vg 2;Helse- og oppvekstfag;4,7;7,8;3,3%
2017/18;Sande videregående skole;vg 1;Idrettsfag;6,6;18,5;5,4%
2018/19;Sande videregående skole;vg 1;Idrettsfag;5,2;18,8;4,7%
2019/20;Sande videregående skole;vg 1;Idrettsfag;4,1;13,1;3,5%
2020/21;Sande videregående skole;vg 1;Idrettsfag;0,7;11,0;1,5%
2021/22;Sande videregående skole;vg 1;Idrettsfag;1,6;11,7;2,0%
2022/23;Sande videregående skole;vg 1;Idrettsfag;7,4;17,4;5,7%
2023/24;Sande videregående skole;vg 1;Idrettsfag;6,4;10,9;4,5%
2017/18;Sande videregående skole;vg 2;Idrettsfag;9,6;38,6;9,1%
2018/19;Sande videregående skole;vg 2;Idrettsfag;10,7;30,4;8,8%
2019/20;Sande videregående skole;vg 2;Idrettsfag;4,3;14,5;3,8%
2020/21;Sande videregående skole;vg 2;Idrettsfag;3,6;18,4;3,8%
2021/22;Sande videregående skole;vg 2;Idrettsfag;8,0;17,2;6,1%
2022/23;Sande videregående skole;vg 2;Idrettsfag;7,8;26,1;6,8%
2023/24;Sande videregående skole;vg 2;Idrettsfag;4,2;13,7;3,6%
2017/18;Sande videregående skole;vg 3;Idrettsfag;4,6;25,0;5,0%
2018/19;Sande videregående skole;vg 3;Idrettsfag;9,0;45,0;9,4%
2019/20;Sande videregående skole;vg 3;Idrettsfag;6,0;15,1;4,7%
2020/21;Sande videregående skole;vg 3;Idrettsfag;2,4;24,2;3,7%
2021/22;Sande videregående skole;vg 3;Idrettsfag;3,8;25,1;4,6%
2022/23;Sande videregående skole;vg 3;Idrettsfag;13,1;20,4;9,1%
2023/24;Sande videregående skole;vg 3;Idrettsfag;5,1;9,1;3,7%
2017/18;Sande videregående skole;vg 1;Medier og kommunikasjon;10,8;24,6;8,3%
2018/19;Sande videregående skole;vg 1;Medier og kommunikasjon;10,1;42,2;9,7%
2019/20;Sande videregående skole;vg 1;Medier og kommunikasjon;2,5;16,8;3,0%
2020/21;Sande videregående skole;vg 1;Medier og kommunikasjon;1,4;10,2;1,8%
2021/22;Sande videregående skole;vg 1;Medier og kommunikasjon;0,3;15,5;1,8%
2017/18;Sande videregående skole;vg 2;Medier og kommunikasjon;8,8;17,6;6,5%
2018/19;Sande videregående skole;vg 2;Medier og kommunikasjon;20,9;33,3;14,6%
2019/20;Sande videregående skole;vg 2;Medier og kommunikasjon;7,3;19,1;5,9%
2020/21;Sande videregående skole;vg 2;Medier og kommunikasjon;5,8;9,4;4,1%
2021/22;Sande videregående skole;vg 2;Medier og kommunikasjon;1,5;19,0;2,8%
2022/23;Sande videregående skole;vg 2;Medier og kommunikasjon;8,1;21,0;6,5%
2017/18;Sande videregående skole;vg 3;Medier og kommunikasjon;14,9;27,1;10,8%
2018/19;Sande videregående skole;vg 3;Medier og kommunikasjon;12,6;44,0;11,3%
2019/20;Sande videregående skole;vg 3;Medier og kommunikasjon;15,5;19,4;10,2%
2020/21;Sande videregående skole;vg 3;Medier og kommunikasjon;4,8;27,6;5,4%
2021/22;Sande videregående skole;vg 3;Medier og kommunikasjon;1,1;5,2;1,1%
2022/23;Sande videregående skole;vg 3;Medier og kommunikasjon;14,0;36,9;11,3%
2023/24;Sande videregående skole;vg 3;Medier og kommunikasjon;5,7;14,7;4,6%
2017/18;Sande videregående skole;vg 3;Påbygging;10,2;36,0;9,1%
2018/19;Sande videregående skole;vg 3;Påbygging;9,9;42,9;10,0%
2019/20;Sande videregående skole;vg 3;Påbygging;6,3;24,7;6,2%
2020/21;Sande videregående skole;vg 3;Påbygging;1,3;8,2;1,5%
2021/22;Sande videregående skole;vg 3;Påbygging;0,2;15,5;1,7%
2022/23;Sande videregående skole;vg 3;Påbygging;3,9;15,5;3,7%
2023/24;Sande videregående skole;vg 3;Påbygging;7,0;15,6;5,4%
2017/18;Sande videregående skole;vg 1;Studiespesialisering;3,6;9,8;3,1%
2018/19;Sande videregående skole;vg 1;Studiespesialisering;7,1;20,2;6,2%
2019/20;Sande videregående skole;vg 1;Studiespesialisering;2,8;4,4;2,0%
2020/21;Sande videregående skole;vg 1;Studiespesialisering;0,1;2,2;0,3%
2021/22;Sande videregående skole;vg 1;Studiespesialisering;0,5;9,5;1,4%
2022/23;Sande videregående skole;vg 1;Studiespesialisering;6,4;15,4;5,3%
2023/24;Sande videregående skole;vg 1;Studiespesialisering;3,8;6,6;2,8%
2017/18;Sande videregående skole;vg 2;Studiespesialisering;5,3;16,9;4,9%
2018/19;Sande videregående skole;vg 2;Studiespesialisering;5,2;23,8;5,6%
2019/20;Sande videregående skole;vg 2;Studiespesialisering;5,4;13,7;4,5%
2020/21;Sande videregående skole;vg 2;Studiespesialisering;1,6;13,6;2,4%
2021/22;Sande videregående skole;vg 2;Studiespesialisering;0,5;5,6;1,0%
2022/23;Sande videregående skole;vg 2;Studiespesialisering;7,4;22,6;6,7%
2023/24;Sande videregående skole;vg 2;Studiespesialisering;6,2;8,8;4,4%
2017/18;Sande videregående skole;vg 3;Studiespesialisering;7,9;19,8;6,6%
2018/19;Sande videregående skole;vg 3;Studiespesialisering;7,8;24,3;7,1%
2019/20;Sande videregående skole;vg 3;Studiespesialisering;3,5;10,5;3,1%
2020/21;Sande videregående skole;vg 3;Studiespesialisering;1,3;17,0;2,7%
2021/22;Sande videregående skole;vg 3;Studiespesialisering;1,4;13,7;2,4%
2022/23;Sande videregående skole;vg 3;Studiespesialisering;4,2;9,8;3,4%
2023/24;Sande videregående skole;vg 3;Studiespesialisering;5,5;17,9;5,1%
2017/18;Sande videregående skole;vg 1;Teknologi- og industrifag;5,0;7,1;3,4%
2018/19;Sande videregående skole;vg 1;Teknologi- og industrifag;8,7;18,2;6,5%
2019/20;Sande videregående skole;vg 1;Teknologi- og industrifag;4,7;8,4;3,4%
2020/21;Sande videregående skole;vg 1;Teknologi- og industrifag;0,9;14,4;2,0%
2021/22;Sande videregående skole;vg 1;Teknologi- og industrifag;1,7;12,6;2,2%
2022/23;Sande videregående skole;vg 1;Teknologi- og industrifag;21,0;27,6;14,1%
2023/24;Sande videregående skole;vg 1;Teknologi- og industrifag;9,4;11,7;6,2%
2017/18;Sande videregående skole;vg 2;Teknologi- og industrifag;4,3;9,4;3,3%
2018/19;Sande videregående skole;vg 2;Teknologi- og industrifag;3,0;13,1;2,9%
2019/20;Sande videregående skole;vg 2;Teknologi- og industrifag;12,1;4,8;7,0%
2020/21;Sande videregående skole;vg 2;Teknologi- og industrifag;8,1;15,9;6,0%
2021/22;Sande videregående skole;vg 2;Teknologi- og industrifag;1,6;26,4;3,5%
2022/23;Sande videregående skole;vg 2;Teknologi- og industrifag;10,5;15,7;7,2%
2023/24;Sande videregående skole;vg 2;Teknologi- og industrifag;4,7;15,1;4,1%
2017/18;Sandefjord videregående skole;vg 1;Design og håndverk;7,1;21,2;6,0%
2018/19;Sandefjord videregående skole;vg 1;Design og håndverk;9,6;29,2;8,1%
2019/20;Sandefjord videregående skole;vg 1;Design og håndverk;7,6;18,4;5,9%
2017/18;Sandefjord videregående skole;vg 2;Design og håndverk;11,1;25,0;8,5%
2018/19;Sandefjord videregående skole;vg 2;Design og håndverk;6,2;32,1;6,6%
2019/20;Sandefjord videregående skole;vg 2;Design og håndverk;4,1;15,5;3,8%
2020/21;Sandefjord videregående skole;vg 2;Design og håndverk;6,4;23,8;5,8%
2020/21;Sandefjord videregående skole;vg 3;Design og håndverk;22,2;40,5;16,0%
2021/22;Sandefjord videregående skole;vg 3;Design og håndverk;8,9;11,0;5,9%
2017/18;Sandefjord videregående skole;vg 1;Elektro og datateknologi;4,8;8,0;3,4%
2018/19;Sandefjord videregående skole;vg 1;Elektro og datateknologi;5,1;11,6;3,9%
2019/20;Sandefjord videregående skole;vg 1;Elektro og datateknologi;7,3;10,1;4,9%
2020/21;Sandefjord videregående skole;vg 1;Elektro og datateknologi;1,5;9,4;1,8%
2021/22;Sandefjord videregående skole;vg 1;Elektro og datateknologi;1,3;8,0;1,5%
2022/23;Sandefjord videregående skole;vg 1;Elektro og datateknologi;3,2;8,7;2,6%
2023/24;Sandefjord videregående skole;vg 1;Elektro og datateknologi;3,4;5,2;2,4%
2017/18;Sandefjord videregående skole;vg 2;Elektro og datateknologi;1,7;3,1;1,2%
2018/19;Sandefjord videregående skole;vg 2;Elektro og datateknologi;2,7;11,5;2,6%
2019/20;Sandefjord videregående skole;vg 2;Elektro og datateknologi;5,3;7,4;3,6%
2020/21;Sandefjord videregående skole;vg 2;Elektro og datateknologi;3,0;7,5;2,4%
2021/22;Sandefjord videregående skole;vg 2;Elektro og datateknologi;1,8;17,6;2,8%
2022/23;Sandefjord videregående skole;vg 2;Elektro og datateknologi;2,7;17,8;3,3%
2023/24;Sandefjord videregående skole;vg 2;Elektro og datateknologi;2,9;8,8;2,4%
2017/18;Sandefjord videregående skole;vg 3;Elektro og datateknologi;0,8;2,7;0,7%
2018/19;Sandefjord videregående skole;vg 3;Elektro og datateknologi;0,6;1,1;0,4%
2019/20;Sandefjord videregående skole;vg 3;Elektro og datateknologi;3,7;3,0;2,3%
2020/21;Sandefjord videregående skole;vg 3;Elektro og datateknologi;2,5;2,5;1,6%
2021/22;Sandefjord videregående skole;vg 3;Elektro og datateknologi;0,0;18,6;1,9%
2022/23;Sandefjord videregående skole;vg 3;Elektro og datateknologi;6,7;11,8;4,8%
2020/21;Sandefjord videregående skole;vg 1;Frisør,blomst,int,eksp.design;11,9;35,4;10,0%
2021/22;Sandefjord videregående skole;vg 1;Frisør,blomst,int,eksp.design;0,6;31,3;3,5%
2022/23;Sandefjord videregående skole;vg 1;Frisør,blomst,int,eksp.design;10,1;41,8;9,7%
2023/24;Sandefjord videregående skole;vg 1;Frisør,blomst,int,eksp.design;7,1;31,2;7,0%
2021/22;Sandefjord videregående skole;vg 2;Frisør,blomst,int,eksp.design;0,6;39,9;4,4%
2022/23;Sandefjord videregående skole;vg 2;Frisør,blomst,int,eksp.design;4,2;60,3;8,4%
2023/24;Sandefjord videregående skole;vg 2;Frisør,blomst,int,eksp.design;2,2;27,8;4,0%
2022/23;Sandefjord videregående skole;vg 3;Frisør,blomst,int,eksp.design;16,1;18,3;10,5%
2023/24;Sandefjord videregående skole;vg 3;Frisør,blomst,int,eksp.design;6,5;7,0;4,2%
2017/18;Sandefjord videregående skole;vg 1;Helse- og oppvekstfag;5,8;19,7;5,1%
2018/19;Sandefjord videregående skole;vg 1;Helse- og oppvekstfag;5,4;20,3;5,0%
2019/20;Sandefjord videregående skole;vg 1;Helse- og oppvekstfag;6,8;11,9;4,9%
2020/21;Sandefjord videregående skole;vg 1;Helse- og oppvekstfag;7,4;16,5;5,6%
2021/22;Sandefjord videregående skole;vg 1;Helse- og oppvekstfag;4,0;27,6;4,9%
2022/23;Sandefjord videregående skole;vg 1;Helse- og oppvekstfag;13,0;40,2;11,0%
2023/24;Sandefjord videregående skole;vg 1;Helse- og oppvekstfag;5,9;23,5;5,6%
2017/18;Sandefjord videregående skole;vg 2;Helse- og oppvekstfag;10,4;23,9;8,0%
2018/19;Sandefjord videregående skole;vg 2;Helse- og oppvekstfag;10,1;24,7;7,9%
2019/20;Sandefjord videregående skole;vg 2;Helse- og oppvekstfag;6,2;17,6;5,1%
2020/21;Sandefjord videregående skole;vg 2;Helse- og oppvekstfag;6,1;21,9;5,5%
2021/22;Sandefjord videregående skole;vg 2;Helse- og oppvekstfag;2,5;15,4;2,9%
2022/23;Sandefjord videregående skole;vg 2;Helse- og oppvekstfag;14,7;39,0;11,8%
2023/24;Sandefjord videregående skole;vg 2;Helse- og oppvekstfag;6,4;32,2;6,7%
2017/18;Sandefjord videregående skole;vg 3;Helse- og oppvekstfag;10,9;23,4;8,2%
2018/19;Sandefjord videregående skole;vg 3;Helse- og oppvekstfag;26,1;34,1;17,5%
2019/20;Sandefjord videregående skole;vg 3;Helse- og oppvekstfag;15,1;37,7;11,9%
2020/21;Sandefjord videregående skole;vg 3;Helse- og oppvekstfag;12,6;15,4;8,3%
2021/22;Sandefjord videregående skole;vg 3;Helse- og oppvekstfag;1,4;89,8;9,9%
2022/23;Sandefjord videregående skole;vg 3;Helse- og oppvekstfag;13,3;30,1;10,2%
2023/24;Sandefjord videregående skole;vg 3;Helse- og oppvekstfag;6,6;16,3;5,2%
2017/18;Sandefjord videregående skole;vg 1;Idrettsfag;4,5;13,4;3,8%
2018/19;Sandefjord videregående skole;vg 1;Idrettsfag;3,8;9,4;3,0%
2019/20;Sandefjord videregående skole;vg 1;Idrettsfag;1,4;5,2;1,3%
2020/21;Sandefjord videregående skole;vg 1;Idrettsfag;2,2;7,2;1,9%
2021/22;Sandefjord videregående skole;vg 1;Idrettsfag;0,5;4,9;0,8%
2022/23;Sandefjord videregående skole;vg 1;Idrettsfag;5,8;21,0;5,2%
2023/24;Sandefjord videregående skole;vg 1;Idrettsfag;2,1;5,5;1,7%
2017/18;Sandefjord videregående skole;vg 2;Idrettsfag;4,9;25,9;5,3%
2018/19;Sandefjord videregående skole;vg 2;Idrettsfag;5,1;16,1;4,4%
2019/20;Sandefjord videregående skole;vg 2;Idrettsfag;5,0;11,9;3,9%
2020/21;Sandefjord videregående skole;vg 2;Idrettsfag;1,1;12,6;1,8%
2021/22;Sandefjord videregående skole;vg 2;Idrettsfag;1,7;18,2;2,8%
2022/23;Sandefjord videregående skole;vg 2;Idrettsfag;5,5;10,1;4,0%
2023/24;Sandefjord videregående skole;vg 2;Idrettsfag;4,1;15,2;3,8%
2017/18;Sandefjord videregående skole;vg 3;Idrettsfag;8,0;31,8;7,5%
2018/19;Sandefjord videregående skole;vg 3;Idrettsfag;6,3;23,8;5,8%
2019/20;Sandefjord videregående skole;vg 3;Idrettsfag;1,9;10,5;2,1%
2020/21;Sandefjord videregående skole;vg 3;Idrettsfag;1,3;14,8;2,2%
2021/22;Sandefjord videregående skole;vg 3;Idrettsfag;1,2;15,5;2,2%
2022/23;Sandefjord videregående skole;vg 3;Idrettsfag;5,6;21,1;5,2%
2023/24;Sandefjord videregående skole;vg 3;Idrettsfag;3,0;6,9;2,3%
2020/21;Sandefjord videregående skole;vg 1;IT og medieproduksjon;3,8;12,6;3,3%
2021/22;Sandefjord videregående skole;vg 1;IT og medieproduksjon;2,5;14,2;2,8%
2022/23;Sandefjord videregående skole;vg 1;IT og medieproduksjon;4,8;17,2;4,3%
2023/24;Sandefjord videregående skole;vg 1;IT og medieproduksjon;1,4;16,1;2,4%
2021/22;Sandefjord videregående skole;vg 2;IT og medieproduksjon;2,2;38,0;5,1%
2022/23;Sandefjord videregående skole;vg 2;IT og medieproduksjon;9,6;26,0;7,8%
2023/24;Sandefjord videregående skole;vg 2;IT og medieproduksjon;4,8;10,1;3,6%
2017/18;Sandefjord videregående skole;vg 1;Kunst, design og arkitektur;6,9;24,2;6,2%
2018/19;Sandefjord videregående skole;vg 1;Kunst, design og arkitektur;14,0;37,1;11,3%
2019/20;Sandefjord videregående skole;vg 1;Kunst, design og arkitektur;6,5;20,3;5,5%
2020/21;Sandefjord videregående skole;vg 1;Kunst, design og arkitektur;8,1;28,2;7,2%
2021/22;Sandefjord videregående skole;vg 1;Kunst, design og arkitektur;1,7;22,0;3,2%
2022/23;Sandefjord videregående skole;vg 1;Kunst, design og arkitektur;8,9;21,8;7,0%
2023/24;Sandefjord videregående skole;vg 1;Kunst, design og arkitektur;6,3;23,3;5,8%
2017/18;Sandefjord videregående skole;vg 2;Kunst, design og arkitektur;6,4;13,1;4,8%
2018/19;Sandefjord videregående skole;vg 2;Kunst, design og arkitektur;8,2;41,8;8,7%
2019/20;Sandefjord videregående skole;vg 2;Kunst, design og arkitektur;9,7;29,5;8,2%
2020/21;Sandefjord videregående skole;vg 2;Kunst, design og arkitektur;4,3;15,4;3,9%
2021/22;Sandefjord videregående skole;vg 2;Kunst, design og arkitektur;1,7;11,5;2,1%
2022/23;Sandefjord videregående skole;vg 2;Kunst, design og arkitektur;4,4;41,0;6,5%
2023/24;Sandefjord videregående skole;vg 2;Kunst, design og arkitektur;1,7;36,5;4,6%
2018/19;Sandefjord videregående skole;vg 3;Kunst, design og arkitektur;5,1;30,5;5,8%
2019/20;Sandefjord videregående skole;vg 3;Kunst, design og arkitektur;2,5;5,7;1,9%
2020/21;Sandefjord videregående skole;vg 3;Kunst, design og arkitektur;9,8;22,8;7,6%
2021/22;Sandefjord videregående skole;vg 3;Kunst, design og arkitektur;3,3;21,7;4,0%
2022/23;Sandefjord videregående skole;vg 3;Kunst, design og arkitektur;19,9;41,4;14,9%
2023/24;Sandefjord videregående skole;vg 3;Kunst, design og arkitektur;8,9;30,9;7,9%
2017/18;Sandefjord videregående skole;vg 1;Musikk, dans og drama;1,5;43,6;5,2%
2018/19;Sandefjord videregående skole;vg 1;Musikk, dans og drama;2,4;13,7;2,7%
2019/20;Sandefjord videregående skole;vg 1;Musikk, dans og drama;0,7;10,3;1,4%
2020/21;Sandefjord videregående skole;vg 1;Musikk, dans og drama;2,7;11,4;2,6%
2021/22;Sandefjord videregående skole;vg 1;Musikk, dans og drama;0,6;10,6;1,4%
2022/23;Sandefjord videregående skole;vg 1;Musikk, dans og drama;5,5;30,1;6,0%
2023/24;Sandefjord videregående skole;vg 1;Musikk, dans og drama;1,7;15,0;2,4%
2017/18;Sandefjord videregående skole;vg 2;Musikk, dans og drama;4,5;13,8;3,8%
2018/19;Sandefjord videregående skole;vg 2;Musikk, dans og drama;5,0;43,4;7,1%
2019/20;Sandefjord videregående skole;vg 2;Musikk, dans og drama;2,1;16,6;2,8%
2020/21;Sandefjord videregående skole;vg 2;Musikk, dans og drama;0,7;11,9;1,6%
2021/22;Sandefjord videregående skole;vg 2;Musikk, dans og drama;0,7;10,9;1,5%
2022/23;Sandefjord videregående skole;vg 2;Musikk, dans og drama;2,8;36,2;5,2%
2023/24;Sandefjord videregående skole;vg 2;Musikk, dans og drama;2,7;24,8;4,0%
2017/18;Sandefjord videregående skole;vg 3;Musikk, dans og drama;6,4;27,7;6,3%
2018/19;Sandefjord videregående skole;vg 3;Musikk, dans og drama;5,0;25,4;5,3%
2019/20;Sandefjord videregående skole;vg 3;Musikk, dans og drama;4,0;20,3;4,2%
2020/21;Sandefjord videregående skole;vg 3;Musikk, dans og drama;1,9;12,0;2,2%
2021/22;Sandefjord videregående skole;vg 3;Musikk, dans og drama;1,2;18,5;2,5%
2022/23;Sandefjord videregående skole;vg 3;Musikk, dans og drama;2,3;31,2;4,4%
2023/24;Sandefjord videregående skole;vg 3;Musikk, dans og drama;2,3;30,6;4,4%
2017/18;Sandefjord videregående skole;vg 3;Påbygging;8,7;23,7;7,1%
2018/19;Sandefjord videregående skole;vg 3;Påbygging;7,8;21,0;6,7%
2019/20;Sandefjord videregående skole;vg 3;Påbygging;5,5;11,5;4,7%
2020/21;Sandefjord videregående skole;vg 3;Påbygging;3,1;18,3;3,8%
2021/22;Sandefjord videregående skole;vg 3;Påbygging;3,2;27,1;4,5%
2022/23;Sandefjord videregående skole;vg 3;Påbygging;7,1;50,0;9,4%
2023/24;Sandefjord videregående skole;vg 3;Påbygging;4,7;31,5;6,1%
2017/18;Sandefjord videregående skole;vg 1;Restaurant- og matfag;8,8;28,2;7,6%
2018/19;Sandefjord videregående skole;vg 1;Restaurant- og matfag;9,1;13,2;6,2%
2019/20;Sandefjord videregående skole;vg 1;Restaurant- og matfag;7,6;22,0;6,3%
2020/21;Sandefjord videregående skole;vg 1;Restaurant- og matfag;9,6;8,0;6,0%
2022/23;Sandefjord videregående skole;vg 1;Restaurant- og matfag;13,5;19,9;9,3%
2023/24;Sandefjord videregående skole;vg 1;Restaurant- og matfag;8,0;12,3;5,5%
2017/18;Sandefjord videregående skole;vg 2;Restaurant- og matfag;7,4;12,2;5,2%
2018/19;Sandefjord videregående skole;vg 2;Restaurant- og matfag;6,9;11,5;4,9%
2019/20;Sandefjord videregående skole;vg 2;Restaurant- og matfag;10,1;9,3;6,3%
2020/21;Sandefjord videregående skole;vg 2;Restaurant- og matfag;19,9;22,4;12,9%
2021/22;Sandefjord videregående skole;vg 2;Restaurant- og matfag;7,2;10,4;4,9%
2023/24;Sandefjord videregående skole;vg 2;Restaurant- og matfag;1,5;26,1;3,4%
2020/21;Sandefjord videregående skole;vg 1;Salg, service og reiseliv;6,9;24,8;6,2%
2021/22;Sandefjord videregående skole;vg 1;Salg, service og reiseliv;4,9;42,1;6,9%
2022/23;Sandefjord videregående skole;vg 1;Salg, service og reiseliv;5,5;55,9;8,6%
2023/24;Sandefjord videregående skole;vg 1;Salg, service og reiseliv;2,2;18,2;3,0%
2021/22;Sandefjord videregående skole;vg 2;Salg, service og reiseliv;2,9;29,4;4,6%
2022/23;Sandefjord videregående skole;vg 2;Salg, service og reiseliv;8,0;35,5;7,9%
2023/24;Sandefjord videregående skole;vg 2;Salg, service og reiseliv;4,1;22,5;4,5%
2017/18;Sandefjord videregående skole;vg 1;Service og samferdsel;7,5;24,9;6,6%
2018/19;Sandefjord videregående skole;vg 1;Service og samferdsel;10,8;33,3;9,2%
2019/20;Sandefjord videregående skole;vg 1;Service og samferdsel;6,3;18,3;5,3%
2017/18;Sandefjord videregående skole;vg 2;Service og samferdsel;7,5;17,4;5,8%
2018/19;Sandefjord videregående skole;vg 2;Service og samferdsel;9,7;20,1;7,2%
2019/20;Sandefjord videregående skole;vg 2;Service og samferdsel;8,7;19,0;6,6%
2020/21;Sandefjord videregående skole;vg 2;Service og samferdsel;6,8;20,8;5,7%
2017/18;Sandefjord videregående skole;vg 1;Studiespesialisering;5,0;13,9;4,3%
2018/19;Sandefjord videregående skole;vg 1;Studiespesialisering;5,4;14,0;4,5%
2019/20;Sandefjord videregående skole;vg 1;Studiespesialisering;4,0;9,1;3,2%
2020/21;Sandefjord videregående skole;vg 1;Studiespesialisering;2,0;10,0;2,2%
2021/22;Sandefjord videregående skole;vg 1;Studiespesialisering;1,3;13,3;2,3%
2022/23;Sandefjord videregående skole;vg 1;Studiespesialisering;4,9;20,9;5,1%
2023/24;Sandefjord videregående skole;vg 1;Studiespesialisering;2,4;8,3;2,3%
2017/18;Sandefjord videregående skole;vg 2;Studiespesialisering;5,1;21,5;5,3%
2018/19;Sandefjord videregående skole;vg 2;Studiespesialisering;6,0;25,6;6,2%
2019/20;Sandefjord videregående skole;vg 2;Studiespesialisering;5,6;16,0;4,9%
2020/21;Sandefjord videregående skole;vg 2;Studiespesialisering;3,2;19,5;4,0%
2021/22;Sandefjord videregående skole;vg 2;Studiespesialisering;1,9;20,9;3,5%
2022/23;Sandefjord videregående skole;vg 2;Studiespesialisering;6,7;25,7;6,6%
2023/24;Sandefjord videregående skole;vg 2;Studiespesialisering;3,1;15,2;3,5%
2017/18;Sandefjord videregående skole;vg 3;Studiespesialisering;7,2;24,9;6,8%
2018/19;Sandefjord videregående skole;vg 3;Studiespesialisering;6,7;23,5;6,4%
2019/20;Sandefjord videregående skole;vg 3;Studiespesialisering;5,5;17,2;5,0%
2020/21;Sandefjord videregående skole;vg 3;Studiespesialisering;2,9;15,7;3,4%
2021/22;Sandefjord videregående skole;vg 3;Studiespesialisering;1,7;24,8;3,8%
2022/23;Sandefjord videregående skole;vg 3;Studiespesialisering;7,7;31,5;7,8%
2023/24;Sandefjord videregående skole;vg 3;Studiespesialisering;4,4;18,2;4,5%
2017/18;Sandefjord videregående skole;vg 1;Teknologi- og industrifag;3,4;18,4;3,7%
2018/19;Sandefjord videregående skole;vg 1;Teknologi- og industrifag;6,0;31,1;6,4%
2019/20;Sandefjord videregående skole;vg 1;Teknologi- og industrifag;10,8;19,7;7,8%
2020/21;Sandefjord videregående skole;vg 1;Teknologi- og industrifag;19,1;45,2;14,8%
2021/22;Sandefjord videregående skole;vg 1;Teknologi- og industrifag;2,4;85,8;10,0%
2022/23;Sandefjord videregående skole;vg 1;Teknologi- og industrifag;4,2;38,5;6,2%
2023/24;Sandefjord videregående skole;vg 1;Teknologi- og industrifag;2,9;36,0;5,2%
2017/18;Sandefjord videregående skole;vg 2;Teknologi- og industrifag;4,7;10,5;3,6%
2018/19;Sandefjord videregående skole;vg 2;Teknologi- og industrifag;1,6;22,5;3,2%
2019/20;Sandefjord videregående skole;vg 2;Teknologi- og industrifag;3,4;14,8;3,3%
2020/21;Sandefjord videregående skole;vg 2;Teknologi- og industrifag;3,4;14,0;3,3%
2021/22;Sandefjord videregående skole;vg 2;Teknologi- og industrifag;2,0;20,7;3,2%
2022/23;Sandefjord videregående skole;vg 2;Teknologi- og industrifag;6,8;25,2;6,2%
2023/24;Sandefjord videregående skole;vg 2;Teknologi- og industrifag;3,1;25,8;4,3%
2017/18;Thor Heyerdahl videregående skole;vg 1;Bygg- og anleggsteknikk;3,2;16,6;3,4%
2018/19;Thor Heyerdahl videregående skole;vg 1;Bygg- og anleggsteknikk;6,5;17,3;5,2%
2019/20;Thor Heyerdahl videregående skole;vg 1;Bygg- og anleggsteknikk;3,4;7,2;2,5%
2020/21;Thor Heyerdahl videregående skole;vg 1;Bygg- og anleggsteknikk;4,8;13,0;3,9%
2021/22;Thor Heyerdahl videregående skole;vg 1;Bygg- og anleggsteknikk;3,5;26,1;4,5%
2022/23;Thor Heyerdahl videregående skole;vg 1;Bygg- og anleggsteknikk;6,7;25,1;6,2%
2023/24;Thor Heyerdahl videregående skole;vg 1;Bygg- og anleggsteknikk;6,2;13,4;4,7%
2017/18;Thor Heyerdahl videregående skole;vg 2;Bygg- og anleggsteknikk;1,8;14,7;2,5%
2018/19;Thor Heyerdahl videregående skole;vg 2;Bygg- og anleggsteknikk;0,8;17,8;2,2%
2019/20;Thor Heyerdahl videregående skole;vg 2;Bygg- og anleggsteknikk;2,5;8,8;2,3%
2020/21;Thor Heyerdahl videregående skole;vg 2;Bygg- og anleggsteknikk;1,4;14,1;2,2%
2021/22;Thor Heyerdahl videregående skole;vg 2;Bygg- og anleggsteknikk;2,8;11,0;2,6%
2022/23;Thor Heyerdahl videregående skole;vg 2;Bygg- og anleggsteknikk;7,5;24,7;6,5%
2023/24;Thor Heyerdahl videregående skole;vg 2;Bygg- og anleggsteknikk;3,5;6,7;2,5%
2017/18;Thor Heyerdahl videregående skole;vg 1;Elektro og datateknologi;1,1;6,4;1,2%
2018/19;Thor Heyerdahl videregående skole;vg 1;Elektro og datateknologi;1,3;7,3;1,4%
2019/20;Thor Heyerdahl videregående skole;vg 1;Elektro og datateknologi;0,6;8,8;1,2%
2020/21;Thor Heyerdahl videregående skole;vg 1;Elektro og datateknologi;0,2;7,6;0,9%
2021/22;Thor Heyerdahl videregående skole;vg 1;Elektro og datateknologi;0,3;7,4;0,9%
2022/23;Thor Heyerdahl videregående skole;vg 1;Elektro og datateknologi;2,6;11,1;2,5%
2023/24;Thor Heyerdahl videregående skole;vg 1;Elektro og datateknologi;2,3;7,4;2,0%
2017/18;Thor Heyerdahl videregående skole;vg 2;Elektro og datateknologi;4,0;11,1;3,3%
2018/19;Thor Heyerdahl videregående skole;vg 2;Elektro og datateknologi;2,3;9,1;2,1%
2019/20;Thor Heyerdahl videregående skole;vg 2;Elektro og datateknologi;2,3;4,8;1,7%
2020/21;Thor Heyerdahl videregående skole;vg 2;Elektro og datateknologi;1,3;8,1;1,5%
2021/22;Thor Heyerdahl videregående skole;vg 2;Elektro og datateknologi;0,3;18,8;2,0%
2022/23;Thor Heyerdahl videregående skole;vg 2;Elektro og datateknologi;2,6;18,4;3,3%
2023/24;Thor Heyerdahl videregående skole;vg 2;Elektro og datateknologi;1,5;14,5;2,3%
2017/18;Thor Heyerdahl videregående skole;vg 1;Helse- og oppvekstfag;7,5;16,0;5,6%
2018/19;Thor Heyerdahl videregående skole;vg 1;Helse- og oppvekstfag;6,5;14,1;4,9%
2019/20;Thor Heyerdahl videregående skole;vg 1;Helse- og oppvekstfag;5,4;10,7;4,0%
2020/21;Thor Heyerdahl videregående skole;vg 1;Helse- og oppvekstfag;9,0;17,3;6,6%
2021/22;Thor Heyerdahl videregående skole;vg 1;Helse- og oppvekstfag;6,3;21,6;5,5%
2022/23;Thor Heyerdahl videregående skole;vg 1;Helse- og oppvekstfag;6,5;21,3;5,7%
2023/24;Thor Heyerdahl videregående skole;vg 1;Helse- og oppvekstfag;4,3;10,8;3,4%
2017/18;Thor Heyerdahl videregående skole;vg 2;Helse- og oppvekstfag;6,9;12,5;5,0%
2018/19;Thor Heyerdahl videregående skole;vg 2;Helse- og oppvekstfag;4,9;10,5;3,7%
2019/20;Thor Heyerdahl videregående skole;vg 2;Helse- og oppvekstfag;5,9;11,5;4,3%
2020/21;Thor Heyerdahl videregående skole;vg 2;Helse- og oppvekstfag;3,6;10,7;3,0%
2021/22;Thor Heyerdahl videregående skole;vg 2;Helse- og oppvekstfag;3,3;11,8;2,9%
2022/23;Thor Heyerdahl videregående skole;vg 2;Helse- og oppvekstfag;5,8;13,2;4,5%
2023/24;Thor Heyerdahl videregående skole;vg 2;Helse- og oppvekstfag;4,4;8,2;3,2%
2017/18;Thor Heyerdahl videregående skole;vg 1;Idrettsfag;3,6;11,6;3,1%
2018/19;Thor Heyerdahl videregående skole;vg 1;Idrettsfag;2,6;19,2;3,3%
2019/20;Thor Heyerdahl videregående skole;vg 1;Idrettsfag;1,8;10,0;2,0%
2020/21;Thor Heyerdahl videregående skole;vg 1;Idrettsfag;1,5;14,7;2,3%
2021/22;Thor Heyerdahl videregående skole;vg 1;Idrettsfag;3,0;14,2;3,0%
2022/23;Thor Heyerdahl videregående skole;vg 1;Idrettsfag;5,0;16,6;4,4%
2023/24;Thor Heyerdahl videregående skole;vg 1;Idrettsfag;3,1;8,0;2,5%
2017/18;Thor Heyerdahl videregående skole;vg 2;Idrettsfag;3,0;14,7;3,1%
2018/19;Thor Heyerdahl videregående skole;vg 2;Idrettsfag;4,3;21,8;4,5%
2019/20;Thor Heyerdahl videregående skole;vg 2;Idrettsfag;2,4;14,9;2,8%
2020/21;Thor Heyerdahl videregående skole;vg 2;Idrettsfag;1,2;16,3;2,3%
2021/22;Thor Heyerdahl videregående skole;vg 2;Idrettsfag;2,5;23,4;3,7%
2022/23;Thor Heyerdahl videregående skole;vg 2;Idrettsfag;5,0;27,7;5,5%
2023/24;Thor Heyerdahl videregående skole;vg 2;Idrettsfag;3,0;11,6;2,8%
2017/18;Thor Heyerdahl videregående skole;vg 3;Idrettsfag;2,6;19,4;3,3%
2018/19;Thor Heyerdahl videregående skole;vg 3;Idrettsfag;4,0;16,4;3,8%
2019/20;Thor Heyerdahl videregående skole;vg 3;Idrettsfag;2,7;20,3;3,5%
2020/21;Thor Heyerdahl videregående skole;vg 3;Idrettsfag;1,4;25,5;3,3%
2021/22;Thor Heyerdahl videregående skole;vg 3;Idrettsfag;1,5;22,7;3,1%
2022/23;Thor Heyerdahl videregående skole;vg 3;Idrettsfag;8,6;31,8;7,9%
2023/24;Thor Heyerdahl videregående skole;vg 3;Idrettsfag;2,4;17,4;3,1%
2017/18;Thor Heyerdahl videregående skole;vg 1;Medier og kommunikasjon;5,3;19,3;4,8%
2018/19;Thor Heyerdahl videregående skole;vg 1;Medier og kommunikasjon;4,9;10,4;3,7%
2019/20;Thor Heyerdahl videregående skole;vg 1;Medier og kommunikasjon;3,5;12,1;3,1%
2020/21;Thor Heyerdahl videregående skole;vg 1;Medier og kommunikasjon;0,8;10,8;1,5%
2021/22;Thor Heyerdahl videregående skole;vg 1;Medier og kommunikasjon;5,1;20,6;4,8%
2022/23;Thor Heyerdahl videregående skole;vg 1;Medier og kommunikasjon;5,4;18,6;4,8%
2023/24;Thor Heyerdahl videregående skole;vg 1;Medier og kommunikasjon;4,0;20,1;4,2%
2017/18;Thor Heyerdahl videregående skole;vg 2;Medier og kommunikasjon;9,5;24,1;7,6%
2018/19;Thor Heyerdahl videregående skole;vg 2;Medier og kommunikasjon;3,6;15,9;3,6%
2019/20;Thor Heyerdahl videregående skole;vg 2;Medier og kommunikasjon;2,6;17,7;3,2%
2020/21;Thor Heyerdahl videregående skole;vg 2;Medier og kommunikasjon;1,7;37,4;4,7%
2021/22;Thor Heyerdahl videregående skole;vg 2;Medier og kommunikasjon;2,0;20,6;3,2%
2022/23;Thor Heyerdahl videregående skole;vg 2;Medier og kommunikasjon;3,6;27,6;4,7%
2023/24;Thor Heyerdahl videregående skole;vg 2;Medier og kommunikasjon;4,6;13,0;3,8%
2017/18;Thor Heyerdahl videregående skole;vg 3;Medier og kommunikasjon;12,9;36,8;10,6%
2018/19;Thor Heyerdahl videregående skole;vg 3;Medier og kommunikasjon;6,8;32,1;6,9%
2019/20;Thor Heyerdahl videregående skole;vg 3;Medier og kommunikasjon;4,3;24,7;4,8%
2020/21;Thor Heyerdahl videregående skole;vg 3;Medier og kommunikasjon;1,3;16,3;2,4%
2021/22;Thor Heyerdahl videregående skole;vg 3;Medier og kommunikasjon;4,8;32,7;5,9%
2022/23;Thor Heyerdahl videregående skole;vg 3;Medier og kommunikasjon;5,7;28,3;6,0%
2023/24;Thor Heyerdahl videregående skole;vg 3;Medier og kommunikasjon;4,3;19,0;4,3%
2017/18;Thor Heyerdahl videregående skole;vg 1;Musikk, dans og drama;4,4;19,1;4,3%
2018/19;Thor Heyerdahl videregående skole;vg 1;Musikk, dans og drama;4,5;21,3;4,6%
2019/20;Thor Heyerdahl videregående skole;vg 1;Musikk, dans og drama;3,5;10,7;3,0%
2020/21;Thor Heyerdahl videregående skole;vg 1;Musikk, dans og drama;0,7;14,6;1,9%
2021/22;Thor Heyerdahl videregående skole;vg 1;Musikk, dans og drama;1,5;22,5;3,1%
2022/23;Thor Heyerdahl videregående skole;vg 1;Musikk, dans og drama;8,1;20,8;6,5%
2023/24;Thor Heyerdahl videregående skole;vg 1;Musikk, dans og drama;2,4;7,4;2,0%
2017/18;Thor Heyerdahl videregående skole;vg 2;Musikk, dans og drama;5,7;18,1;4,9%
2018/19;Thor Heyerdahl videregående skole;vg 2;Musikk, dans og drama;5,2;25,4;5,4%
2019/20;Thor Heyerdahl videregående skole;vg 2;Musikk, dans og drama;3,9;19,9;4,1%
2020/21;Thor Heyerdahl videregående skole;vg 2;Musikk, dans og drama;3,3;16,4;3,4%
2021/22;Thor Heyerdahl videregående skole;vg 2;Musikk, dans og drama;1,3;22,0;2,9%
2022/23;Thor Heyerdahl videregående skole;vg 2;Musikk, dans og drama;1,7;24,4;3,4%
2023/24;Thor Heyerdahl videregående skole;vg 2;Musikk, dans og drama;5,8;18,6;5,0%
2017/18;Thor Heyerdahl videregående skole;vg 3;Musikk, dans og drama;8,0;34,1;7,8%
2018/19;Thor Heyerdahl videregående skole;vg 3;Musikk, dans og drama;4,6;24,6;5,0%
2019/20;Thor Heyerdahl videregående skole;vg 3;Musikk, dans og drama;6,1;14,8;4,8%
2020/21;Thor Heyerdahl videregående skole;vg 3;Musikk, dans og drama;0,7;22,9;2,7%
2021/22;Thor Heyerdahl videregående skole;vg 3;Musikk, dans og drama;1,6;20,5;2,9%
2022/23;Thor Heyerdahl videregående skole;vg 3;Musikk, dans og drama;11,9;31,3;9,6%
2023/24;Thor Heyerdahl videregående skole;vg 3;Musikk, dans og drama;1,9;15,4;2,6%
2017/18;Thor Heyerdahl videregående skole;vg 3;Påbygging;7,2;17,6;5,9%
2018/19;Thor Heyerdahl videregående skole;vg 3;Påbygging;9,1;18,6;6,9%
2019/20;Thor Heyerdahl videregående skole;vg 3;Påbygging;4,6;21,5;4,6%
2020/21;Thor Heyerdahl videregående skole;vg 3;Påbygging;4,2;32,6;5,6%
2021/22;Thor Heyerdahl videregående skole;vg 3;Påbygging;1,3;37,5;4,5%
2022/23;Thor Heyerdahl videregående skole;vg 3;Påbygging;7,8;50,6;9,4%
2023/24;Thor Heyerdahl videregående skole;vg 3;Påbygging;8,3;28,1;7,3%
2017/18;Thor Heyerdahl videregående skole;vg 1;Restaurant- og matfag;7,9;6,8;4,9%
2018/19;Thor Heyerdahl videregående skole;vg 1;Restaurant- og matfag;5,4;9,9;3,9%
2019/20;Thor Heyerdahl videregående skole;vg 1;Restaurant- og matfag;6,4;13,8;4,8%
2020/21;Thor Heyerdahl videregående skole;vg 1;Restaurant- og matfag;9,2;29,9;8,0%
2021/22;Thor Heyerdahl videregående skole;vg 1;Restaurant- og matfag;4,9;8,9;3,5%
2022/23;Thor Heyerdahl videregående skole;vg 1;Restaurant- og matfag;9,2;40,6;9,0%
2023/24;Thor Heyerdahl videregående skole;vg 1;Restaurant- og matfag;7,3;15,8;5,5%
2017/18;Thor Heyerdahl videregående skole;vg 2;Restaurant- og matfag;3,4;15,1;3,4%
2018/19;Thor Heyerdahl videregående skole;vg 2;Restaurant- og matfag;11,7;13,9;7,7%
2019/20;Thor Heyerdahl videregående skole;vg 2;Restaurant- og matfag;3,9;6,3;2,7%
2020/21;Thor Heyerdahl videregående skole;vg 2;Restaurant- og matfag;5,8;18,0;4,9%
2021/22;Thor Heyerdahl videregående skole;vg 2;Restaurant- og matfag;2,4;30,6;4,4%
2022/23;Thor Heyerdahl videregående skole;vg 2;Restaurant- og matfag;10,4;10,8;6,6%
2023/24;Thor Heyerdahl videregående skole;vg 2;Restaurant- og matfag;4,6;4,1;2,9%
2020/21;Thor Heyerdahl videregående skole;vg 1;Salg, service og reiseliv;5,5;23,0;5,3%
2021/22;Thor Heyerdahl videregående skole;vg 1;Salg, service og reiseliv;3,6;29,2;4,9%
2022/23;Thor Heyerdahl videregående skole;vg 1;Salg, service og reiseliv;10,3;37,3;9,3%
2023/24;Thor Heyerdahl videregående skole;vg 1;Salg, service og reiseliv;3,5;14,9;3,4%
2021/22;Thor Heyerdahl videregående skole;vg 2;Salg, service og reiseliv;1,0;22,2;2,8%
2022/23;Thor Heyerdahl videregående skole;vg 2;Salg, service og reiseliv;10,0;43,8;9,8%
2023/24;Thor Heyerdahl videregående skole;vg 2;Salg, service og reiseliv;4,9;21,9;4,8%
2017/18;Thor Heyerdahl videregående skole;vg 1;Service og samferdsel;5,4;20,5;5,0%
2018/19;Thor Heyerdahl videregående skole;vg 1;Service og samferdsel;6,4;23,0;5,8%
2019/20;Thor Heyerdahl videregående skole;vg 1;Service og samferdsel;9,6;20,8;7,3%
2017/18;Thor Heyerdahl videregående skole;vg 2;Service og samferdsel;7,9;18,6;6,1%
2018/19;Thor Heyerdahl videregående skole;vg 2;Service og samferdsel;7,1;15,1;5,4%
2019/20;Thor Heyerdahl videregående skole;vg 2;Service og samferdsel;6,7;9,4;4,5%
2020/21;Thor Heyerdahl videregående skole;vg 2;Service og samferdsel;4,1;48,0;7,1%
2017/18;Thor Heyerdahl videregående skole;vg 1;Studiespesialisering;2,8;11,5;2,9%
2018/19;Thor Heyerdahl videregående skole;vg 1;Studiespesialisering;2,6;11,9;2,8%
2019/20;Thor Heyerdahl videregående skole;vg 1;Studiespesialisering;1,0;3,7;1,0%
2020/21;Thor Heyerdahl videregående skole;vg 1;Studiespesialisering;0,6;7,4;1,2%
2021/22;Thor Heyerdahl videregående skole;vg 1;Studiespesialisering;0,9;8,6;1,5%
2022/23;Thor Heyerdahl videregående skole;vg 1;Studiespesialisering;4,6;16,1;4,4%
2023/24;Thor Heyerdahl videregående skole;vg 1;Studiespesialisering;2,7;8,7;2,5%
2017/18;Thor Heyerdahl videregående skole;vg 2;Studiespesialisering;2,9;14,2;3,2%
2018/19;Thor Heyerdahl videregående skole;vg 2;Studiespesialisering;2,5;17,2;3,4%
2019/20;Thor Heyerdahl videregående skole;vg 2;Studiespesialisering;1,8;12,6;2,4%
2020/21;Thor Heyerdahl videregående skole;vg 2;Studiespesialisering;0,7;13,2;1,9%
2021/22;Thor Heyerdahl videregående skole;vg 2;Studiespesialisering;2,4;24,4;4,2%
2022/23;Thor Heyerdahl videregående skole;vg 2;Studiespesialisering;4,6;30,1;6,0%
2023/24;Thor Heyerdahl videregående skole;vg 2;Studiespesialisering;2,2;15,0;3,0%
2017/18;Thor Heyerdahl videregående skole;vg 3;Studiespesialisering;3,5;16,9;3,9%
2018/19;Thor Heyerdahl videregående skole;vg 3;Studiespesialisering;3,4;20,9;4,3%
2019/20;Thor Heyerdahl videregående skole;vg 3;Studiespesialisering;3,3;15,8;3,6%
2020/21;Thor Heyerdahl videregående skole;vg 3;Studiespesialisering;0,8;14,6;2,2%
2021/22;Thor Heyerdahl videregående skole;vg 3;Studiespesialisering;1,9;19,9;3,4%
2022/23;Thor Heyerdahl videregående skole;vg 3;Studiespesialisering;6,6;36,3;7,8%
2023/24;Thor Heyerdahl videregående skole;vg 3;Studiespesialisering;2,7;17,2;3,5%
2017/18;Thor Heyerdahl videregående skole;vg 1;Teknologi- og industrifag;8,4;15,3;6,0%
2018/19;Thor Heyerdahl videregående skole;vg 1;Teknologi- og industrifag;4,5;8,5;3,3%
2019/20;Thor Heyerdahl videregående skole;vg 1;Teknologi- og industrifag;3,3;15,1;3,3%
2020/21;Thor Heyerdahl videregående skole;vg 1;Teknologi- og industrifag;2,8;16,4;3,2%
2021/22;Thor Heyerdahl videregående skole;vg 1;Teknologi- og industrifag;0,7;34,4;3,9%
2022/23;Thor Heyerdahl videregående skole;vg 1;Teknologi- og industrifag;2,5;32,6;4,7%
2023/24;Thor Heyerdahl videregående skole;vg 1;Teknologi- og industrifag;0,7;31,1;3,5%
2017/18;Thor Heyerdahl videregående skole;vg 2;Teknologi- og industrifag;2,0;16,1;2,7%
2018/19;Thor Heyerdahl videregående skole;vg 2;Teknologi- og industrifag;2,4;26,0;3,9%
2019/20;Thor Heyerdahl videregående skole;vg 2;Teknologi- og industrifag;1,9;9,1;2,0%
2020/21;Thor Heyerdahl videregående skole;vg 2;Teknologi- og industrifag;3,7;24,8;4,5%
2021/22;Thor Heyerdahl videregående skole;vg 2;Teknologi- og industrifag;1,1;12,0;1,8%
2022/23;Thor Heyerdahl videregående skole;vg 2;Teknologi- og industrifag;2,6;17,2;3,1%
2023/24;Thor Heyerdahl videregående skole;vg 2;Teknologi- og industrifag;2,3;9,7;2,2%
