Skoleår;Skole;Nivå;Utdanningsprogram;B;H;I;M;S
2017/18;Færder videregående skole;vg 1;Bygg- og anleggsteknikk;78,7%;0,0%;8,2%;4,9%;8,2%
2018/19;Færder videregående skole;vg 1;Bygg- og anleggsteknikk;76,9%;0,0%;15,4%;6,2%;1,5%
2021/22;Færder videregående skole;vg 1;Bygg- og anleggsteknikk;76,2%;1,6%;9,5%;9,5%;3,2%
2020/21;Færder videregående skole;vg 1;Bygg- og anleggsteknikk;70,2%;0,0%;6,0%;13,1%;10,7%
2022/23;Færder videregående skole;vg 1;Bygg- og anleggsteknikk;69,7%;2,6%;6,6%;15,8%;5,3%
2019/20;Færder videregående skole;vg 1;Bygg- og anleggsteknikk;64,5%;0,0%;13,2%;15,8%;6,6%
2018/19;Færder videregående skole;vg 2;Bygg- og anleggsteknikk;93,6%;2,1%;2,1%;0,0%;2,1%
2019/20;Færder videregående skole;vg 2;Bygg- og anleggsteknikk;87,0%;0,0%;0,0%;11,1%;1,9%
2020/21;Færder videregående skole;vg 2;Bygg- og anleggsteknikk;86,4%;0,0%;1,7%;10,2%;1,7%
2022/23;Færder videregående skole;vg 2;Bygg- og anleggsteknikk;77,8%;1,9%;7,4%;3,7%;9,3%
2021/22;Færder videregående skole;vg 2;Bygg- og anleggsteknikk;75,8%;6,1%;3,0%;3,0%;12,1%
2017/18;Færder videregående skole;vg 2;Bygg- og anleggsteknikk;75,0%;0,0%;6,3%;12,5%;6,3%
2018/19;Færder videregående skole;vg 1;Design og håndverk;70,8%;0,0%;0,0%;20,8%;8,3%
2017/18;Færder videregående skole;vg 1;Design og håndverk;65,2%;0,0%;4,3%;13,0%;17,4%
2019/20;Færder videregående skole;vg 1;Design og håndverk;47,1%;0,0%;11,8%;29,4%;11,8%
2019/20;Færder videregående skole;vg 2;Design og håndverk;75,0%;12,5%;0,0%;12,5%;0,0%
2017/18;Færder videregående skole;vg 2;Design og håndverk;72,7%;0,0%;9,1%;13,6%;4,5%
2020/21;Færder videregående skole;vg 2;Design og håndverk;66,7%;0,0%;0,0%;25,0%;8,3%
2018/19;Færder videregående skole;vg 3;Design og håndverk;90,9%;0,0%;0,0%;0,0%;9,1%
2017/18;Færder videregående skole;vg 3;Design og håndverk;50,0%;0,0%;0,0%;33,3%;16,7%
2021/22;Færder videregående skole;vg 1;Elektro og datateknologi;95,6%;0,0%;0,0%;0,0%;4,4%
2022/23;Færder videregående skole;vg 1;Elektro og datateknologi;92,2%;3,1%;0,0%;1,6%;3,1%
2020/21;Færder videregående skole;vg 1;Elektro og datateknologi;92,2%;0,0%;1,6%;3,1%;3,1%
2017/18;Færder videregående skole;vg 1;Elektro og datateknologi;91,8%;0,0%;6,1%;2,0%;0,0%
2019/20;Færder videregående skole;vg 1;Elektro og datateknologi;89,4%;0,0%;0,0%;4,3%;6,4%
2018/19;Færder videregående skole;vg 1;Elektro og datateknologi;80,9%;0,0%;10,6%;4,3%;4,3%
2019/20;Færder videregående skole;vg 2;Elektro og datateknologi;100,0%;0,0%;0,0%;0,0%;0,0%
2020/21;Færder videregående skole;vg 2;Elektro og datateknologi;100,0%;0,0%;0,0%;0,0%;0,0%
2022/23;Færder videregående skole;vg 2;Elektro og datateknologi;100,0%;0,0%;0,0%;0,0%;0,0%
2021/22;Færder videregående skole;vg 2;Elektro og datateknologi;95,6%;4,4%;0,0%;0,0%;0,0%
2017/18;Færder videregående skole;vg 2;Elektro og datateknologi;92,0%;0,0%;4,0%;0,0%;4,0%
2018/19;Færder videregående skole;vg 2;Elektro og datateknologi;91,7%;0,0%;6,3%;2,1%;0,0%
2021/22;Færder videregående skole;vg 3;Elektro og datateknologi;100,0%;0,0%;0,0%;0,0%;0,0%
2022/23;Færder videregående skole;vg 3;Elektro og datateknologi;100,0%;0,0%;0,0%;0,0%;0,0%
2018/19;Færder videregående skole;vg 3;Elektro og datateknologi;94,1%;0,0%;0,0%;0,0%;5,9%
2019/20;Færder videregående skole;vg 3;Elektro og datateknologi;93,3%;0,0%;0,0%;0,0%;6,7%
2020/21;Færder videregående skole;vg 3;Elektro og datateknologi;81,3%;0,0%;12,5%;0,0%;6,3%
2017/18;Færder videregående skole;vg 3;Elektro og datateknologi;75,0%;0,0%;6,3%;12,5%;6,3%
2020/21;Færder videregående skole;vg 1;Kunst, design og arkitektur;100,0%;0,0%;0,0%;0,0%;0,0%
2018/19;Færder videregående skole;vg 1;Kunst, design og arkitektur;90,0%;0,0%;0,0%;6,7%;3,3%
2022/23;Færder videregående skole;vg 1;Kunst, design og arkitektur;78,8%;7,7%;7,7%;5,8%;0,0%
2019/20;Færder videregående skole;vg 1;Kunst, design og arkitektur;77,4%;0,0%;3,2%;16,1%;3,2%
2017/18;Færder videregående skole;vg 1;Kunst, design og arkitektur;71,9%;0,0%;6,3%;6,3%;15,6%
2021/22;Færder videregående skole;vg 1;Kunst, design og arkitektur;62,5%;34,4%;0,0%;0,0%;3,1%
2017/18;Færder videregående skole;vg 2;Kunst, design og arkitektur;84,6%;0,0%;7,7%;7,7%;0,0%
2019/20;Færder videregående skole;vg 2;Kunst, design og arkitektur;73,1%;0,0%;0,0%;23,1%;3,8%
2021/22;Færder videregående skole;vg 2;Kunst, design og arkitektur;72,4%;0,0%;17,2%;10,3%;0,0%
2018/19;Færder videregående skole;vg 2;Kunst, design og arkitektur;71,4%;0,0%;4,8%;23,8%;0,0%
2022/23;Færder videregående skole;vg 2;Kunst, design og arkitektur;64,5%;25,8%;3,2%;6,5%;0,0%
2020/21;Færder videregående skole;vg 2;Kunst, design og arkitektur;62,5%;0,0%;0,0%;37,5%;0,0%
2020/21;Færder videregående skole;vg 3;Kunst, design og arkitektur;83,3%;0,0%;0,0%;16,7%;0,0%
2021/22;Færder videregående skole;vg 3;Kunst, design og arkitektur;82,1%;0,0%;3,6%;14,3%;0,0%
2022/23;Færder videregående skole;vg 3;Kunst, design og arkitektur;77,8%;3,7%;14,8%;0,0%;3,7%
2019/20;Færder videregående skole;vg 3;Kunst, design og arkitektur;75,0%;0,0%;0,0%;25,0%;0,0%
2018/19;Færder videregående skole;vg 3;Kunst, design og arkitektur;72,7%;0,0%;22,7%;4,5%;0,0%
2019/20;Færder videregående skole;vg 3;Påbygging;90,0%;0,6%;3,1%;3,1%;3,1%
2021/22;Færder videregående skole;vg 3;Påbygging;86,0%;1,1%;3,9%;4,5%;4,5%
2020/21;Færder videregående skole;vg 3;Påbygging;86,0%;0,0%;1,7%;8,4%;3,9%
2018/19;Færder videregående skole;vg 3;Påbygging;81,7%;0,0%;11,0%;4,9%;2,4%
2017/18;Færder videregående skole;vg 3;Påbygging;77,5%;0,0%;10,1%;7,9%;4,5%
2022/23;Færder videregående skole;vg 3;Påbygging;76,1%;4,9%;9,9%;4,9%;4,2%
2017/18;Færder videregående skole;vg 3;Studiespesialisering;87,5%;0,0%;0,0%;12,5%;0,0%
2018/19;Færder videregående skole;vg 1;Teknologi- og industrifag;86,3%;0,0%;2,0%;7,8%;3,9%
2017/18;Færder videregående skole;vg 1;Teknologi- og industrifag;84,1%;0,0%;1,4%;10,1%;4,3%
2019/20;Færder videregående skole;vg 1;Teknologi- og industrifag;83,6%;0,0%;7,5%;4,5%;4,5%
2022/23;Færder videregående skole;vg 1;Teknologi- og industrifag;82,9%;3,9%;1,3%;6,6%;5,3%
2021/22;Færder videregående skole;vg 1;Teknologi- og industrifag;77,0%;4,9%;6,6%;3,3%;8,2%
2020/21;Færder videregående skole;vg 1;Teknologi- og industrifag;71,4%;0,0%;4,8%;14,3%;9,5%
2021/22;Færder videregående skole;vg 2;Teknologi- og industrifag;88,5%;2,3%;1,1%;2,3%;5,7%
2020/21;Færder videregående skole;vg 2;Teknologi- og industrifag;86,2%;0,0%;3,2%;3,2%;7,4%
2022/23;Færder videregående skole;vg 2;Teknologi- og industrifag;84,4%;3,3%;1,1%;3,3%;7,8%
2019/20;Færder videregående skole;vg 2;Teknologi- og industrifag;83,9%;1,1%;3,4%;6,9%;4,6%
2017/18;Færder videregående skole;vg 2;Teknologi- og industrifag;74,2%;0,0%;10,1%;12,4%;3,4%
2018/19;Færder videregående skole;vg 2;Teknologi- og industrifag;68,8%;0,0%;10,8%;8,6%;11,8%
2020/21;Greveskogen videregående skole;vg 1;IT og medieproduksjon;100,0%;0,0%;0,0%;0,0%;0,0%
2022/23;Greveskogen videregående skole;vg 1;IT og medieproduksjon;96,7%;0,0%;0,0%;0,0%;3,3%
2021/22;Greveskogen videregående skole;vg 1;IT og medieproduksjon;87,5%;0,0%;0,0%;12,5%;0,0%
2021/22;Greveskogen videregående skole;vg 2;IT og medieproduksjon;100,0%;0,0%;0,0%;0,0%;0,0%
2022/23;Greveskogen videregående skole;vg 2;IT og medieproduksjon;94,1%;0,0%;0,0%;0,0%;5,9%
2019/20;Greveskogen videregående skole;vg 1;Musikk, dans og drama;100,0%;0,0%;0,0%;0,0%;0,0%
2018/19;Greveskogen videregående skole;vg 1;Musikk, dans og drama;96,7%;0,0%;0,0%;3,3%;0,0%
2022/23;Greveskogen videregående skole;vg 1;Musikk, dans og drama;95,2%;0,0%;4,8%;0,0%;0,0%
2020/21;Greveskogen videregående skole;vg 1;Musikk, dans og drama;92,6%;0,0%;3,7%;3,7%;0,0%
2021/22;Greveskogen videregående skole;vg 1;Musikk, dans og drama;80,0%;0,0%;6,7%;0,0%;13,3%
2017/18;Greveskogen videregående skole;vg 1;Musikk, dans og drama;80,0%;0,0%;3,3%;13,3%;3,3%
2020/21;Greveskogen videregående skole;vg 2;Musikk, dans og drama;96,7%;0,0%;0,0%;3,3%;0,0%
2021/22;Greveskogen videregående skole;vg 2;Musikk, dans og drama;96,4%;0,0%;3,6%;0,0%;0,0%
2019/20;Greveskogen videregående skole;vg 2;Musikk, dans og drama;89,3%;0,0%;3,6%;7,1%;0,0%
2018/19;Greveskogen videregående skole;vg 2;Musikk, dans og drama;88,9%;0,0%;3,7%;7,4%;0,0%
2017/18;Greveskogen videregående skole;vg 2;Musikk, dans og drama;87,9%;0,0%;0,0%;12,1%;0,0%
2022/23;Greveskogen videregående skole;vg 2;Musikk, dans og drama;87,5%;4,2%;4,2%;4,2%;0,0%
2020/21;Greveskogen videregående skole;vg 3;Musikk, dans og drama;93,1%;3,4%;0,0%;3,4%;0,0%
2021/22;Greveskogen videregående skole;vg 3;Musikk, dans og drama;89,7%;3,4%;0,0%;6,9%;0,0%
2022/23;Greveskogen videregående skole;vg 3;Musikk, dans og drama;89,7%;0,0%;3,4%;6,9%;0,0%
2019/20;Greveskogen videregående skole;vg 3;Musikk, dans og drama;88,5%;0,0%;3,8%;3,8%;3,8%
2018/19;Greveskogen videregående skole;vg 3;Musikk, dans og drama;84,8%;0,0%;6,1%;9,1%;0,0%
2017/18;Greveskogen videregående skole;vg 3;Musikk, dans og drama;80,0%;0,0%;10,0%;6,7%;3,3%
2018/19;Greveskogen videregående skole;vg 3;Påbygging;100,0%;0,0%;0,0%;0,0%;0,0%
2019/20;Greveskogen videregående skole;vg 3;Påbygging;100,0%;0,0%;0,0%;0,0%;0,0%
2017/18;Greveskogen videregående skole;vg 3;Påbygging;14,3%;85,7%;0,0%;0,0%;0,0%
2019/20;Greveskogen videregående skole;vg 1;Restaurant- og matfag;84,0%;0,0%;0,0%;8,0%;8,0%
2021/22;Greveskogen videregående skole;vg 1;Restaurant- og matfag;77,5%;2,5%;7,5%;10,0%;2,5%
2020/21;Greveskogen videregående skole;vg 1;Restaurant- og matfag;74,4%;0,0%;5,1%;15,4%;5,1%
2017/18;Greveskogen videregående skole;vg 1;Restaurant- og matfag;70,0%;0,0%;0,0%;20,0%;10,0%
2018/19;Greveskogen videregående skole;vg 1;Restaurant- og matfag;69,6%;0,0%;0,0%;21,7%;8,7%
2022/23;Greveskogen videregående skole;vg 1;Restaurant- og matfag;67,9%;10,7%;10,7%;7,1%;3,6%
2021/22;Greveskogen videregående skole;vg 2;Restaurant- og matfag;97,1%;0,0%;0,0%;2,9%;0,0%
2020/21;Greveskogen videregående skole;vg 2;Restaurant- og matfag;92,0%;0,0%;4,0%;4,0%;0,0%
2019/20;Greveskogen videregående skole;vg 2;Restaurant- og matfag;91,3%;0,0%;0,0%;4,3%;4,3%
2018/19;Greveskogen videregående skole;vg 2;Restaurant- og matfag;88,9%;0,0%;0,0%;3,7%;7,4%
2022/23;Greveskogen videregående skole;vg 2;Restaurant- og matfag;76,0%;0,0%;0,0%;16,0%;8,0%
2017/18;Greveskogen videregående skole;vg 2;Restaurant- og matfag;68,2%;4,5%;13,6%;4,5%;9,1%
2021/22;Greveskogen videregående skole;vg 1;Salg, service og reiseliv;92,9%;0,0%;0,0%;7,1%;0,0%
2020/21;Greveskogen videregående skole;vg 1;Salg, service og reiseliv;70,6%;0,0%;5,9%;17,6%;5,9%
2022/23;Greveskogen videregående skole;vg 1;Salg, service og reiseliv;70,0%;5,0%;7,5%;12,5%;5,0%
2022/23;Greveskogen videregående skole;vg 2;Salg, service og reiseliv;84,6%;0,0%;0,0%;15,4%;0,0%
2021/22;Greveskogen videregående skole;vg 2;Salg, service og reiseliv;70,6%;5,9%;5,9%;14,7%;2,9%
2018/19;Greveskogen videregående skole;vg 1;Service og samferdsel;59,1%;0,0%;18,2%;11,4%;11,4%
2019/20;Greveskogen videregående skole;vg 1;Service og samferdsel;56,9%;0,0%;8,3%;31,9%;2,8%
2017/18;Greveskogen videregående skole;vg 1;Service og samferdsel;48,7%;0,0%;5,1%;28,2%;17,9%
2019/20;Greveskogen videregående skole;vg 2;Service og samferdsel;77,0%;0,0%;0,0%;14,8%;8,2%
2018/19;Greveskogen videregående skole;vg 2;Service og samferdsel;75,9%;0,0%;3,4%;20,7%;0,0%
2017/18;Greveskogen videregående skole;vg 2;Service og samferdsel;75,6%;12,2%;0,0%;12,2%;0,0%
2020/21;Greveskogen videregående skole;vg 2;Service og samferdsel;69,6%;0,0%;0,0%;29,0%;1,4%
2020/21;Greveskogen videregående skole;vg 1;Studiespesialisering;96,0%;0,0%;2,3%;1,7%;0,0%
2019/20;Greveskogen videregående skole;vg 1;Studiespesialisering;91,8%;0,7%;2,7%;4,8%;0,0%
2018/19;Greveskogen videregående skole;vg 1;Studiespesialisering;91,0%;0,0%;3,4%;5,1%;0,6%
2021/22;Greveskogen videregående skole;vg 1;Studiespesialisering;89,8%;1,1%;4,0%;3,4%;1,7%
2017/18;Greveskogen videregående skole;vg 1;Studiespesialisering;84,8%;0,0%;3,7%;10,1%;1,4%
2022/23;Greveskogen videregående skole;vg 1;Studiespesialisering;83,2%;2,4%;1,9%;10,1%;2,4%
2021/22;Greveskogen videregående skole;vg 2;Studiespesialisering;92,6%;0,6%;2,3%;3,4%;1,1%
2020/21;Greveskogen videregående skole;vg 2;Studiespesialisering;91,2%;0,0%;2,7%;5,4%;0,7%
2018/19;Greveskogen videregående skole;vg 2;Studiespesialisering;86,8%;0,0%;7,1%;5,6%;0,5%
2022/23;Greveskogen videregående skole;vg 2;Studiespesialisering;84,9%;2,3%;6,4%;5,2%;1,2%
2017/18;Greveskogen videregående skole;vg 2;Studiespesialisering;81,0%;0,4%;5,4%;11,2%;2,1%
2019/20;Greveskogen videregående skole;vg 2;Studiespesialisering;79,3%;0,6%;1,7%;12,8%;5,6%
2020/21;Greveskogen videregående skole;vg 3;Studiespesialisering;92,0%;0,0%;1,6%;4,8%;1,6%
2022/23;Greveskogen videregående skole;vg 3;Studiespesialisering;91,5%;0,6%;3,4%;4,5%;0,0%
2019/20;Greveskogen videregående skole;vg 3;Studiespesialisering;90,2%;0,0%;0,0%;9,4%;0,4%
2021/22;Greveskogen videregående skole;vg 3;Studiespesialisering;89,3%;4,1%;3,0%;1,8%;1,8%
2017/18;Greveskogen videregående skole;vg 3;Studiespesialisering;84,0%;0,0%;4,2%;9,9%;1,9%
2018/19;Greveskogen videregående skole;vg 3;Studiespesialisering;83,9%;0,0%;5,6%;8,4%;2,0%
2022/23;Holmestrand videregående skole;vg 1;Helse- og oppvekstfag;90,9%;0,0%;4,5%;0,0%;4,5%
2018/19;Holmestrand videregående skole;vg 1;Helse- og oppvekstfag;88,9%;0,0%;0,0%;11,1%;0,0%
2020/21;Holmestrand videregående skole;vg 1;Helse- og oppvekstfag;87,5%;0,0%;0,0%;6,3%;6,3%
2017/18;Holmestrand videregående skole;vg 1;Helse- og oppvekstfag;84,6%;0,0%;0,0%;7,7%;7,7%
2019/20;Holmestrand videregående skole;vg 1;Helse- og oppvekstfag;83,3%;0,0%;0,0%;11,1%;5,6%
2021/22;Holmestrand videregående skole;vg 1;Helse- og oppvekstfag;77,8%;11,1%;0,0%;5,6%;5,6%
2020/21;Holmestrand videregående skole;vg 2;Helse- og oppvekstfag;92,3%;0,0%;0,0%;0,0%;7,7%
2021/22;Holmestrand videregående skole;vg 2;Helse- og oppvekstfag;91,7%;0,0%;0,0%;8,3%;0,0%
2017/18;Holmestrand videregående skole;vg 2;Helse- og oppvekstfag;90,9%;0,0%;0,0%;0,0%;9,1%
2018/19;Holmestrand videregående skole;vg 2;Helse- og oppvekstfag;80,0%;0,0%;10,0%;10,0%;0,0%
2019/20;Holmestrand videregående skole;vg 2;Helse- og oppvekstfag;76,9%;0,0%;0,0%;15,4%;7,7%
2022/23;Holmestrand videregående skole;vg 2;Helse- og oppvekstfag;71,4%;0,0%;0,0%;14,3%;14,3%
2017/18;Holmestrand videregående skole;vg 1;Medier og kommunikasjon;92,9%;0,0%;0,0%;7,1%;0,0%
2018/19;Holmestrand videregående skole;vg 1;Medier og kommunikasjon;90,0%;0,0%;0,0%;10,0%;0,0%
2019/20;Holmestrand videregående skole;vg 1;Medier og kommunikasjon;88,9%;0,0%;0,0%;11,1%;0,0%
2019/20;Holmestrand videregående skole;vg 2;Medier og kommunikasjon;100,0%;0,0%;0,0%;0,0%;0,0%
2017/18;Holmestrand videregående skole;vg 2;Medier og kommunikasjon;90,9%;0,0%;0,0%;0,0%;9,1%
2020/21;Holmestrand videregående skole;vg 2;Medier og kommunikasjon;87,5%;0,0%;0,0%;12,5%;0,0%
2018/19;Holmestrand videregående skole;vg 2;Medier og kommunikasjon;50,0%;0,0%;33,3%;16,7%;0,0%
2020/21;Holmestrand videregående skole;vg 3;Medier og kommunikasjon;100,0%;0,0%;0,0%;0,0%;0,0%
2021/22;Holmestrand videregående skole;vg 3;Medier og kommunikasjon;87,5%;0,0%;0,0%;12,5%;0,0%
2019/20;Holmestrand videregående skole;vg 3;Medier og kommunikasjon;76,9%;0,0%;0,0%;7,7%;15,4%
2018/19;Holmestrand videregående skole;vg 3;Medier og kommunikasjon;72,7%;0,0%;9,1%;18,2%;0,0%
2020/21;Holmestrand videregående skole;vg 3;Påbygging;64,3%;10,7%;3,6%;17,9%;3,6%
2017/18;Holmestrand videregående skole;vg 3;Påbygging;57,1%;0,0%;17,9%;21,4%;3,6%
2021/22;Holmestrand videregående skole;vg 3;Påbygging;56,5%;4,3%;4,3%;30,4%;4,3%
2018/19;Holmestrand videregående skole;vg 3;Påbygging;50,0%;0,0%;16,7%;16,7%;16,7%
2019/20;Holmestrand videregående skole;vg 3;Påbygging;45,0%;0,0%;20,0%;30,0%;5,0%
2022/23;Holmestrand videregående skole;vg 3;Påbygging;42,3%;3,8%;11,5%;19,2%;23,1%
2020/21;Holmestrand videregående skole;vg 1;Restaurant- og matfag;90,9%;0,0%;0,0%;9,1%;0,0%
2018/19;Holmestrand videregående skole;vg 1;Restaurant- og matfag;77,8%;0,0%;0,0%;22,2%;0,0%
2019/20;Holmestrand videregående skole;vg 1;Restaurant- og matfag;60,0%;0,0%;10,0%;20,0%;10,0%
2017/18;Holmestrand videregående skole;vg 1;Restaurant- og matfag;50,0%;0,0%;0,0%;37,5%;12,5%
2021/22;Holmestrand videregående skole;vg 1;Restaurant- og matfag;40,0%;0,0%;0,0%;20,0%;40,0%
2022/23;Holmestrand videregående skole;vg 1;Restaurant- og matfag;38,5%;38,5%;0,0%;15,4%;7,7%
2019/20;Holmestrand videregående skole;vg 2;Restaurant- og matfag;100,0%;0,0%;0,0%;0,0%;0,0%
2020/21;Holmestrand videregående skole;vg 2;Restaurant- og matfag;100,0%;0,0%;0,0%;0,0%;0,0%
2021/22;Holmestrand videregående skole;vg 2;Restaurant- og matfag;85,7%;0,0%;0,0%;14,3%;0,0%
2018/19;Holmestrand videregående skole;vg 2;Restaurant- og matfag;80,0%;0,0%;0,0%;0,0%;20,0%
2017/18;Holmestrand videregående skole;vg 2;Restaurant- og matfag;66,7%;0,0%;16,7%;0,0%;16,7%
2018/19;Holmestrand videregående skole;vg 1;Studiespesialisering;97,6%;0,0%;0,0%;0,0%;2,4%
2020/21;Holmestrand videregående skole;vg 1;Studiespesialisering;96,0%;0,0%;0,0%;4,0%;0,0%
2019/20;Holmestrand videregående skole;vg 1;Studiespesialisering;95,6%;0,0%;2,2%;2,2%;0,0%
2017/18;Holmestrand videregående skole;vg 1;Studiespesialisering;87,5%;0,0%;0,0%;9,4%;3,1%
2022/23;Holmestrand videregående skole;vg 1;Studiespesialisering;83,9%;16,1%;0,0%;0,0%;0,0%
2021/22;Holmestrand videregående skole;vg 1;Studiespesialisering;81,1%;9,4%;0,0%;9,4%;0,0%
2019/20;Holmestrand videregående skole;vg 2;Studiespesialisering;97,6%;0,0%;0,0%;2,4%;0,0%
2020/21;Holmestrand videregående skole;vg 2;Studiespesialisering;93,0%;0,0%;0,0%;2,3%;4,7%
2022/23;Holmestrand videregående skole;vg 2;Studiespesialisering;83,0%;2,1%;10,6%;4,3%;0,0%
2017/18;Holmestrand videregående skole;vg 2;Studiespesialisering;81,3%;0,0%;9,4%;6,3%;3,1%
2021/22;Holmestrand videregående skole;vg 2;Studiespesialisering;79,2%;0,0%;8,3%;8,3%;4,2%
2018/19;Holmestrand videregående skole;vg 2;Studiespesialisering;74,2%;0,0%;25,8%;0,0%;0,0%
2019/20;Holmestrand videregående skole;vg 3;Studiespesialisering;96,3%;0,0%;0,0%;0,0%;3,7%
2020/21;Holmestrand videregående skole;vg 3;Studiespesialisering;93,0%;0,0%;2,3%;4,7%;0,0%
2021/22;Holmestrand videregående skole;vg 3;Studiespesialisering;92,1%;0,0%;0,0%;5,3%;2,6%
2018/19;Holmestrand videregående skole;vg 3;Studiespesialisering;86,8%;0,0%;2,6%;7,9%;2,6%
2017/18;Holmestrand videregående skole;vg 3;Studiespesialisering;82,4%;0,0%;13,7%;2,0%;2,0%
2022/23;Holmestrand videregående skole;vg 3;Studiespesialisering;69,6%;8,7%;13,0%;8,7%;0,0%
2020/21;Holmestrand videregående skole;vg 1;Teknologi- og industrifag;100,0%;0,0%;0,0%;0,0%;0,0%
2021/22;Holmestrand videregående skole;vg 1;Teknologi- og industrifag;81,3%;0,0%;0,0%;12,5%;6,3%
2019/20;Holmestrand videregående skole;vg 1;Teknologi- og industrifag;80,0%;0,0%;13,3%;6,7%;0,0%
2022/23;Holmestrand videregående skole;vg 1;Teknologi- og industrifag;62,5%;12,5%;0,0%;0,0%;25,0%
2017/18;Holmestrand videregående skole;vg 1;Teknologi- og industrifag;46,2%;0,0%;15,4%;30,8%;7,7%
2018/19;Holmestrand videregående skole;vg 1;Teknologi- og industrifag;38,5%;0,0%;0,0%;53,8%;7,7%
2017/18;Horten videregående skole;vg 1;Design og håndverk;84,6%;0,0%;3,8%;3,8%;7,7%
2019/20;Horten videregående skole;vg 1;Design og håndverk;75,0%;0,0%;7,1%;3,6%;14,3%
2018/19;Horten videregående skole;vg 1;Design og håndverk;61,5%;0,0%;3,8%;15,4%;19,2%
2020/21;Horten videregående skole;vg 2;Design og håndverk;87,0%;0,0%;0,0%;8,7%;4,3%
2019/20;Horten videregående skole;vg 2;Design og håndverk;84,2%;0,0%;0,0%;15,8%;0,0%
2018/19;Horten videregående skole;vg 2;Design og håndverk;82,8%;0,0%;0,0%;10,3%;6,9%
2017/18;Horten videregående skole;vg 2;Design og håndverk;81,8%;0,0%;9,1%;4,5%;4,5%
2019/20;Horten videregående skole;vg 1;Elektro og datateknologi;96,9%;0,0%;0,0%;3,1%;0,0%
2017/18;Horten videregående skole;vg 1;Elektro og datateknologi;95,7%;0,0%;0,0%;2,2%;2,2%
2020/21;Horten videregående skole;vg 1;Elektro og datateknologi;93,5%;0,0%;6,5%;0,0%;0,0%
2022/23;Horten videregående skole;vg 1;Elektro og datateknologi;87,9%;3,0%;3,0%;3,0%;3,0%
2021/22;Horten videregående skole;vg 1;Elektro og datateknologi;86,7%;6,7%;0,0%;0,0%;6,7%
2018/19;Horten videregående skole;vg 1;Elektro og datateknologi;64,5%;0,0%;9,7%;19,4%;6,5%
2020/21;Horten videregående skole;vg 2;Elektro og datateknologi;96,8%;3,2%;0,0%;0,0%;0,0%
2018/19;Horten videregående skole;vg 2;Elektro og datateknologi;87,5%;0,0%;7,5%;2,5%;2,5%
2019/20;Horten videregående skole;vg 2;Elektro og datateknologi;87,5%;0,0%;5,0%;5,0%;2,5%
2021/22;Horten videregående skole;vg 2;Elektro og datateknologi;84,8%;3,0%;0,0%;3,0%;9,1%
2022/23;Horten videregående skole;vg 2;Elektro og datateknologi;83,9%;6,5%;0,0%;0,0%;9,7%
2017/18;Horten videregående skole;vg 2;Elektro og datateknologi;81,8%;0,0%;11,4%;6,8%;0,0%
2022/23;Horten videregående skole;vg 3;Elektro og datateknologi;88,9%;0,0%;11,1%;0,0%;0,0%
2020/21;Horten videregående skole;vg 3;Elektro og datateknologi;88,9%;0,0%;0,0%;0,0%;11,1%
2017/18;Horten videregående skole;vg 3;Elektro og datateknologi;81,0%;0,0%;14,3%;0,0%;4,8%
2019/20;Horten videregående skole;vg 3;Elektro og datateknologi;80,0%;0,0%;10,0%;0,0%;10,0%
2021/22;Horten videregående skole;vg 3;Elektro og datateknologi;77,8%;0,0%;11,1%;0,0%;11,1%
2018/19;Horten videregående skole;vg 3;Elektro og datateknologi;68,4%;0,0%;10,5%;5,3%;15,8%
2021/22;Horten videregående skole;vg 1;Frisør,blomst,int,eksp.design;75,9%;0,0%;6,9%;10,3%;6,9%
2022/23;Horten videregående skole;vg 1;Frisør,blomst,int,eksp.design;56,0%;8,0%;4,0%;12,0%;20,0%
2020/21;Horten videregående skole;vg 1;Frisør,blomst,int,eksp.design;50,0%;0,0%;3,3%;30,0%;16,7%
2022/23;Horten videregående skole;vg 2;Frisør,blomst,int,eksp.design;83,3%;8,3%;0,0%;8,3%;0,0%
2021/22;Horten videregående skole;vg 2;Frisør,blomst,int,eksp.design;42,9%;7,1%;7,1%;21,4%;21,4%
2021/22;Horten videregående skole;vg 1;Helse- og oppvekstfag;85,9%;5,1%;0,0%;6,4%;2,6%
2019/20;Horten videregående skole;vg 1;Helse- og oppvekstfag;85,5%;1,3%;5,3%;6,6%;1,3%
2020/21;Horten videregående skole;vg 1;Helse- og oppvekstfag;84,8%;3,8%;1,3%;8,9%;1,3%
2022/23;Horten videregående skole;vg 1;Helse- og oppvekstfag;76,4%;11,1%;4,2%;5,6%;2,8%
2018/19;Horten videregående skole;vg 1;Helse- og oppvekstfag;72,5%;0,0%;8,8%;8,8%;10,0%
2017/18;Horten videregående skole;vg 1;Helse- og oppvekstfag;70,0%;0,0%;6,7%;10,0%;13,3%
2021/22;Horten videregående skole;vg 2;Helse- og oppvekstfag;90,0%;3,3%;1,7%;3,3%;1,7%
2022/23;Horten videregående skole;vg 2;Helse- og oppvekstfag;88,9%;4,8%;1,6%;1,6%;3,2%
2020/21;Horten videregående skole;vg 2;Helse- og oppvekstfag;82,3%;1,6%;4,8%;8,1%;3,2%
2018/19;Horten videregående skole;vg 2;Helse- og oppvekstfag;74,0%;0,0%;10,0%;12,0%;4,0%
2017/18;Horten videregående skole;vg 2;Helse- og oppvekstfag;72,2%;0,0%;2,8%;13,9%;11,1%
2019/20;Horten videregående skole;vg 2;Helse- og oppvekstfag;65,1%;1,6%;19,0%;6,3%;7,9%
2022/23;Horten videregående skole;vg 1;Idrettsfag;100,0%;0,0%;0,0%;0,0%;0,0%
2021/22;Horten videregående skole;vg 1;Idrettsfag;96,8%;0,0%;3,2%;0,0%;0,0%
2018/19;Horten videregående skole;vg 1;Idrettsfag;96,4%;0,0%;0,0%;3,6%;0,0%
2019/20;Horten videregående skole;vg 1;Idrettsfag;93,3%;0,0%;0,0%;6,7%;0,0%
2020/21;Horten videregående skole;vg 1;Idrettsfag;90,3%;0,0%;3,2%;6,5%;0,0%
2017/18;Horten videregående skole;vg 1;Idrettsfag;84,4%;0,0%;0,0%;6,3%;9,4%
2019/20;Horten videregående skole;vg 2;Idrettsfag;93,1%;0,0%;3,4%;3,4%;0,0%
2022/23;Horten videregående skole;vg 2;Idrettsfag;87,1%;3,2%;0,0%;9,7%;0,0%
2017/18;Horten videregående skole;vg 2;Idrettsfag;78,9%;0,0%;5,3%;15,8%;0,0%
2020/21;Horten videregående skole;vg 2;Idrettsfag;72,4%;0,0%;20,7%;6,9%;0,0%
2021/22;Horten videregående skole;vg 2;Idrettsfag;67,7%;6,5%;19,4%;3,2%;3,2%
2018/19;Horten videregående skole;vg 2;Idrettsfag;61,5%;0,0%;26,9%;3,8%;7,7%
2020/21;Horten videregående skole;vg 3;Idrettsfag;92,9%;0,0%;0,0%;7,1%;0,0%
2017/18;Horten videregående skole;vg 3;Idrettsfag;92,3%;0,0%;3,8%;3,8%;0,0%
2021/22;Horten videregående skole;vg 3;Idrettsfag;89,7%;0,0%;3,4%;6,9%;0,0%
2019/20;Horten videregående skole;vg 3;Idrettsfag;84,0%;0,0%;0,0%;16,0%;0,0%
2022/23;Horten videregående skole;vg 3;Idrettsfag;82,8%;3,4%;3,4%;10,3%;0,0%
2018/19;Horten videregående skole;vg 3;Idrettsfag;57,9%;0,0%;31,6%;10,5%;0,0%
2021/22;Horten videregående skole;vg 1;IT og medieproduksjon;93,8%;6,3%;0,0%;0,0%;0,0%
2020/21;Horten videregående skole;vg 1;IT og medieproduksjon;80,0%;6,7%;0,0%;6,7%;6,7%
2022/23;Horten videregående skole;vg 1;IT og medieproduksjon;70,6%;11,8%;0,0%;17,6%;0,0%
2022/23;Horten videregående skole;vg 2;IT og medieproduksjon;87,5%;0,0%;0,0%;12,5%;0,0%
2021/22;Horten videregående skole;vg 2;IT og medieproduksjon;86,7%;0,0%;0,0%;6,7%;6,7%
2018/19;Horten videregående skole;vg 1;Medier og kommunikasjon;93,3%;0,0%;3,3%;3,3%;0,0%
2019/20;Horten videregående skole;vg 1;Medier og kommunikasjon;89,3%;0,0%;3,6%;3,6%;3,6%
2017/18;Horten videregående skole;vg 1;Medier og kommunikasjon;86,2%;0,0%;0,0%;10,3%;3,4%
2020/21;Horten videregående skole;vg 1;Medier og kommunikasjon;76,7%;0,0%;0,0%;23,3%;0,0%
2021/22;Horten videregående skole;vg 1;Medier og kommunikasjon;76,7%;0,0%;0,0%;16,7%;6,7%
2022/23;Horten videregående skole;vg 1;Medier og kommunikasjon;48,4%;0,0%;16,1%;22,6%;12,9%
2019/20;Horten videregående skole;vg 2;Medier og kommunikasjon;93,3%;0,0%;3,3%;0,0%;3,3%
2017/18;Horten videregående skole;vg 2;Medier og kommunikasjon;90,9%;0,0%;9,1%;0,0%;0,0%
2020/21;Horten videregående skole;vg 2;Medier og kommunikasjon;90,0%;0,0%;3,3%;6,7%;0,0%
2022/23;Horten videregående skole;vg 2;Medier og kommunikasjon;87,0%;4,3%;8,7%;0,0%;0,0%
2018/19;Horten videregående skole;vg 2;Medier og kommunikasjon;84,0%;0,0%;8,0%;8,0%;0,0%
2021/22;Horten videregående skole;vg 2;Medier og kommunikasjon;73,1%;0,0%;3,8%;15,4%;7,7%
2020/21;Horten videregående skole;vg 3;Medier og kommunikasjon;96,2%;0,0%;0,0%;3,8%;0,0%
2021/22;Horten videregående skole;vg 3;Medier og kommunikasjon;93,3%;0,0%;0,0%;6,7%;0,0%
2019/20;Horten videregående skole;vg 3;Medier og kommunikasjon;92,3%;0,0%;3,8%;0,0%;3,8%
2022/23;Horten videregående skole;vg 3;Medier og kommunikasjon;87,5%;0,0%;8,3%;4,2%;0,0%
2017/18;Horten videregående skole;vg 3;Medier og kommunikasjon;83,9%;0,0%;9,7%;3,2%;3,2%
2018/19;Horten videregående skole;vg 3;Medier og kommunikasjon;80,0%;0,0%;20,0%;0,0%;0,0%
2022/23;Horten videregående skole;vg 3;Påbygging;81,5%;5,6%;5,6%;5,6%;1,9%
2019/20;Horten videregående skole;vg 3;Påbygging;81,4%;0,0%;2,3%;11,6%;4,7%
2020/21;Horten videregående skole;vg 3;Påbygging;80,8%;0,0%;1,9%;15,4%;1,9%
2021/22;Horten videregående skole;vg 3;Påbygging;80,0%;5,5%;1,8%;10,9%;1,8%
2017/18;Horten videregående skole;vg 3;Påbygging;71,0%;0,0%;12,9%;12,9%;3,2%
2018/19;Horten videregående skole;vg 3;Påbygging;57,1%;0,0%;14,3%;17,9%;10,7%
2022/23;Horten videregående skole;vg 1;Salg, service og reiseliv;84,2%;0,0%;0,0%;10,5%;5,3%
2021/22;Horten videregående skole;vg 1;Salg, service og reiseliv;70,6%;5,9%;0,0%;11,8%;11,8%
2020/21;Horten videregående skole;vg 1;Salg, service og reiseliv;52,6%;5,3%;0,0%;31,6%;10,5%
2021/22;Horten videregående skole;vg 2;Salg, service og reiseliv;72,7%;0,0%;0,0%;18,2%;9,1%
2022/23;Horten videregående skole;vg 2;Salg, service og reiseliv;53,3%;20,0%;0,0%;20,0%;6,7%
2019/20;Horten videregående skole;vg 1;Service og samferdsel;51,7%;10,3%;13,8%;17,2%;6,9%
2017/18;Horten videregående skole;vg 1;Service og samferdsel;44,8%;0,0%;10,3%;31,0%;13,8%
2018/19;Horten videregående skole;vg 1;Service og samferdsel;40,7%;0,0%;22,2%;25,9%;11,1%
2018/19;Horten videregående skole;vg 2;Service og samferdsel;81,3%;0,0%;12,5%;6,3%;0,0%
2019/20;Horten videregående skole;vg 2;Service og samferdsel;70,0%;0,0%;13,3%;6,7%;10,0%
2020/21;Horten videregående skole;vg 2;Service og samferdsel;69,0%;3,4%;3,4%;17,2%;6,9%
2017/18;Horten videregående skole;vg 2;Service og samferdsel;63,6%;0,0%;12,1%;18,2%;6,1%
2019/20;Horten videregående skole;vg 1;Studiespesialisering;98,7%;0,0%;0,0%;0,7%;0,7%
2017/18;Horten videregående skole;vg 1;Studiespesialisering;96,1%;0,0%;1,3%;1,3%;1,3%
2021/22;Horten videregående skole;vg 1;Studiespesialisering;95,4%;2,6%;0,0%;1,3%;0,7%
2020/21;Horten videregående skole;vg 1;Studiespesialisering;93,8%;2,2%;1,1%;2,2%;0,6%
2018/19;Horten videregående skole;vg 1;Studiespesialisering;89,6%;0,0%;3,7%;4,5%;2,2%
2022/23;Horten videregående skole;vg 1;Studiespesialisering;88,5%;0,7%;8,8%;2,0%;0,0%
2018/19;Horten videregående skole;vg 2;Studiespesialisering;94,0%;0,0%;2,7%;3,3%;0,0%
2020/21;Horten videregående skole;vg 2;Studiespesialisering;91,9%;0,0%;4,0%;3,4%;0,7%
2021/22;Horten videregående skole;vg 2;Studiespesialisering;90,4%;2,4%;1,2%;5,4%;0,6%
2022/23;Horten videregående skole;vg 2;Studiespesialisering;88,9%;4,2%;4,2%;2,8%;0,0%
2019/20;Horten videregående skole;vg 2;Studiespesialisering;87,9%;3,0%;2,3%;5,3%;1,5%
2017/18;Horten videregående skole;vg 2;Studiespesialisering;87,4%;0,0%;6,3%;3,5%;2,8%
2021/22;Horten videregående skole;vg 3;Studiespesialisering;93,0%;0,7%;0,7%;4,9%;0,7%
2017/18;Horten videregående skole;vg 3;Studiespesialisering;92,8%;0,7%;2,0%;3,3%;1,3%
2019/20;Horten videregående skole;vg 3;Studiespesialisering;92,5%;0,0%;0,6%;5,7%;1,3%
2020/21;Horten videregående skole;vg 3;Studiespesialisering;88,5%;0,8%;0,0%;9,2%;1,5%
2018/19;Horten videregående skole;vg 3;Studiespesialisering;87,4%;0,0%;4,4%;7,4%;0,7%
2022/23;Horten videregående skole;vg 3;Studiespesialisering;86,5%;0,6%;7,6%;4,1%;1,2%
2017/18;Horten videregående skole;vg 1;Teknologi- og industrifag;90,0%;0,0%;0,0%;0,0%;10,0%
2019/20;Horten videregående skole;vg 1;Teknologi- og industrifag;86,2%;0,0%;0,0%;6,9%;6,9%
2022/23;Horten videregående skole;vg 1;Teknologi- og industrifag;70,0%;0,0%;13,3%;3,3%;13,3%
2021/22;Horten videregående skole;vg 1;Teknologi- og industrifag;64,5%;9,7%;6,5%;3,2%;16,1%
2020/21;Horten videregående skole;vg 1;Teknologi- og industrifag;41,2%;5,9%;0,0%;35,3%;17,6%
2018/19;Horten videregående skole;vg 1;Teknologi- og industrifag;23,1%;0,0%;38,5%;23,1%;15,4%
2020/21;Horten videregående skole;vg 2;Teknologi- og industrifag;93,8%;0,0%;0,0%;6,3%;0,0%
2022/23;Horten videregående skole;vg 2;Teknologi- og industrifag;91,7%;8,3%;0,0%;0,0%;0,0%
2021/22;Horten videregående skole;vg 2;Teknologi- og industrifag;70,0%;10,0%;10,0%;10,0%;0,0%
2017/18;Horten videregående skole;vg 2;Teknologi- og industrifag;66,7%;0,0%;25,0%;0,0%;8,3%
2018/19;Horten videregående skole;vg 2;Teknologi- og industrifag;66,7%;0,0%;11,1%;11,1%;11,1%
2020/21;Melsom videregående skole;vg 1;Medier og kommunikasjon;85,7%;0,0%;0,0%;0,0%;14,3%
2021/22;Melsom videregående skole;vg 1;Medier og kommunikasjon;77,8%;0,0%;0,0%;22,2%;0,0%
2017/18;Melsom videregående skole;vg 1;Medier og kommunikasjon;76,5%;0,0%;11,8%;5,9%;5,9%
2022/23;Melsom videregående skole;vg 1;Medier og kommunikasjon;66,7%;0,0%;0,0%;16,7%;16,7%
2019/20;Melsom videregående skole;vg 1;Medier og kommunikasjon;64,3%;0,0%;0,0%;28,6%;7,1%
2018/19;Melsom videregående skole;vg 1;Medier og kommunikasjon;62,1%;0,0%;20,7%;17,2%;0,0%
2022/23;Melsom videregående skole;vg 2;Medier og kommunikasjon;87,5%;0,0%;12,5%;0,0%;0,0%
2018/19;Melsom videregående skole;vg 2;Medier og kommunikasjon;82,4%;0,0%;5,9%;11,8%;0,0%
2019/20;Melsom videregående skole;vg 2;Medier og kommunikasjon;75,0%;0,0%;6,3%;12,5%;6,3%
2021/22;Melsom videregående skole;vg 2;Medier og kommunikasjon;72,7%;0,0%;0,0%;27,3%;0,0%
2017/18;Melsom videregående skole;vg 2;Medier og kommunikasjon;68,2%;0,0%;18,2%;9,1%;4,5%
2020/21;Melsom videregående skole;vg 2;Medier og kommunikasjon;62,5%;0,0%;25,0%;12,5%;0,0%
2022/23;Melsom videregående skole;vg 3;Medier og kommunikasjon;100,0%;0,0%;0,0%;0,0%;0,0%
2020/21;Melsom videregående skole;vg 3;Medier og kommunikasjon;92,9%;0,0%;0,0%;7,1%;0,0%
2019/20;Melsom videregående skole;vg 3;Medier og kommunikasjon;73,3%;0,0%;6,7%;13,3%;6,7%
2018/19;Melsom videregående skole;vg 3;Medier og kommunikasjon;70,0%;0,0%;15,0%;10,0%;5,0%
2017/18;Melsom videregående skole;vg 3;Medier og kommunikasjon;61,1%;0,0%;38,9%;0,0%;0,0%
2021/22;Melsom videregående skole;vg 3;Medier og kommunikasjon;44,4%;0,0%;11,1%;33,3%;11,1%
2020/21;Melsom videregående skole;vg 1;Naturbruk;79,2%;0,0%;3,8%;9,4%;7,5%
2017/18;Melsom videregående skole;vg 1;Naturbruk;77,5%;0,0%;5,0%;10,0%;7,5%
2022/23;Melsom videregående skole;vg 1;Naturbruk;76,2%;0,0%;0,0%;9,5%;14,3%
2021/22;Melsom videregående skole;vg 1;Naturbruk;72,7%;0,0%;9,1%;13,6%;4,5%
2019/20;Melsom videregående skole;vg 1;Naturbruk;67,7%;0,0%;3,2%;25,8%;3,2%
2018/19;Melsom videregående skole;vg 1;Naturbruk;60,0%;0,0%;12,5%;22,5%;5,0%
2018/19;Melsom videregående skole;vg 2;Naturbruk;93,5%;0,0%;0,0%;6,5%;0,0%
2022/23;Melsom videregående skole;vg 2;Naturbruk;93,5%;0,0%;0,0%;3,2%;3,2%
2020/21;Melsom videregående skole;vg 2;Naturbruk;81,8%;0,0%;0,0%;13,6%;4,5%
2017/18;Melsom videregående skole;vg 2;Naturbruk;77,8%;0,0%;7,4%;11,1%;3,7%
2019/20;Melsom videregående skole;vg 2;Naturbruk;77,8%;0,0%;0,0%;18,5%;3,7%
2021/22;Melsom videregående skole;vg 2;Naturbruk;77,3%;0,0%;4,5%;15,9%;2,3%
2021/22;Melsom videregående skole;vg 3;Naturbruk;100,0%;0,0%;0,0%;0,0%;0,0%
2022/23;Melsom videregående skole;vg 3;Naturbruk;92,9%;0,0%;0,0%;7,1%;0,0%
2019/20;Melsom videregående skole;vg 3;Naturbruk;84,0%;0,0%;0,0%;12,0%;4,0%
2020/21;Melsom videregående skole;vg 3;Naturbruk;81,8%;0,0%;9,1%;9,1%;0,0%
2018/19;Melsom videregående skole;vg 3;Naturbruk;78,6%;0,0%;21,4%;0,0%;0,0%
2017/18;Melsom videregående skole;vg 3;Naturbruk;31,6%;42,1%;15,8%;5,3%;5,3%
2021/22;Melsom videregående skole;vg 3;Påbygging;76,2%;4,8%;4,8%;4,8%;9,5%
2020/21;Melsom videregående skole;vg 3;Påbygging;76,0%;0,0%;20,0%;0,0%;4,0%
2022/23;Melsom videregående skole;vg 3;Påbygging;45,8%;0,0%;20,8%;25,0%;8,3%
2017/18;Melsom videregående skole;vg 3;Påbygging;0,0%;0,0%;100,0%;0,0%;0,0%
2021/22;Melsom videregående skole;vg 1;Studiespesialisering;100,0%;0,0%;0,0%;0,0%;0,0%
2022/23;Melsom videregående skole;vg 1;Studiespesialisering;92,3%;0,0%;0,0%;7,7%;0,0%
2018/19;Melsom videregående skole;vg 1;Studiespesialisering;87,5%;0,0%;0,0%;12,5%;0,0%
2020/21;Melsom videregående skole;vg 1;Studiespesialisering;86,7%;0,0%;0,0%;0,0%;13,3%
2017/18;Melsom videregående skole;vg 1;Studiespesialisering;84,2%;0,0%;5,3%;10,5%;0,0%
2019/20;Melsom videregående skole;vg 1;Studiespesialisering;83,3%;0,0%;0,0%;8,3%;8,3%
2022/23;Melsom videregående skole;vg 2;Studiespesialisering;100,0%;0,0%;0,0%;0,0%;0,0%
2019/20;Melsom videregående skole;vg 2;Studiespesialisering;94,1%;0,0%;5,9%;0,0%;0,0%
2018/19;Melsom videregående skole;vg 2;Studiespesialisering;86,7%;0,0%;6,7%;6,7%;0,0%
2020/21;Melsom videregående skole;vg 2;Studiespesialisering;80,0%;0,0%;0,0%;20,0%;0,0%
2021/22;Melsom videregående skole;vg 2;Studiespesialisering;80,0%;0,0%;0,0%;20,0%;0,0%
2017/18;Melsom videregående skole;vg 2;Studiespesialisering;68,8%;0,0%;6,3%;12,5%;12,5%
2018/19;Melsom videregående skole;vg 3;Studiespesialisering;100,0%;0,0%;0,0%;0,0%;0,0%
2020/21;Melsom videregående skole;vg 3;Studiespesialisering;100,0%;0,0%;0,0%;0,0%;0,0%
2019/20;Melsom videregående skole;vg 3;Studiespesialisering;87,5%;0,0%;0,0%;0,0%;12,5%
2022/23;Melsom videregående skole;vg 3;Studiespesialisering;87,5%;0,0%;0,0%;0,0%;12,5%
2017/18;Melsom videregående skole;vg 3;Studiespesialisering;60,0%;0,0%;40,0%;0,0%;0,0%
2021/22;Melsom videregående skole;vg 3;Studiespesialisering;50,0%;0,0%;50,0%;0,0%;0,0%
2019/20;Nøtterøy videregående skole;vg 1;Helse- og oppvekstfag;83,3%;0,0%;7,6%;9,1%;0,0%
2020/21;Nøtterøy videregående skole;vg 1;Helse- og oppvekstfag;80,7%;0,0%;7,0%;1,8%;10,5%
2021/22;Nøtterøy videregående skole;vg 1;Helse- og oppvekstfag;76,4%;0,0%;12,7%;3,6%;7,3%
2018/19;Nøtterøy videregående skole;vg 1;Helse- og oppvekstfag;75,8%;0,0%;12,9%;6,5%;4,8%
2022/23;Nøtterøy videregående skole;vg 1;Helse- og oppvekstfag;73,9%;0,0%;8,7%;13,0%;4,3%
2017/18;Nøtterøy videregående skole;vg 1;Helse- og oppvekstfag;71,9%;0,0%;15,8%;5,3%;7,0%
2019/20;Nøtterøy videregående skole;vg 2;Helse- og oppvekstfag;96,8%;1,6%;1,6%;0,0%;0,0%
2020/21;Nøtterøy videregående skole;vg 2;Helse- og oppvekstfag;91,5%;0,0%;3,4%;3,4%;1,7%
2021/22;Nøtterøy videregående skole;vg 2;Helse- og oppvekstfag;89,8%;3,4%;1,7%;1,7%;3,4%
2022/23;Nøtterøy videregående skole;vg 2;Helse- og oppvekstfag;81,0%;0,0%;8,6%;5,2%;5,2%
2018/19;Nøtterøy videregående skole;vg 2;Helse- og oppvekstfag;80,6%;0,0%;9,7%;9,7%;0,0%
2017/18;Nøtterøy videregående skole;vg 2;Helse- og oppvekstfag;75,8%;0,0%;6,5%;14,5%;3,2%
2020/21;Nøtterøy videregående skole;vg 3;Helse- og oppvekstfag;100,0%;0,0%;0,0%;0,0%;0,0%
2017/18;Nøtterøy videregående skole;vg 3;Helse- og oppvekstfag;85,7%;0,0%;14,3%;0,0%;0,0%
2021/22;Nøtterøy videregående skole;vg 3;Helse- og oppvekstfag;80,0%;0,0%;20,0%;0,0%;0,0%
2022/23;Nøtterøy videregående skole;vg 3;Helse- og oppvekstfag;78,6%;0,0%;0,0%;7,1%;14,3%
2018/19;Nøtterøy videregående skole;vg 3;Helse- og oppvekstfag;66,7%;0,0%;16,7%;16,7%;0,0%
2019/20;Nøtterøy videregående skole;vg 3;Helse- og oppvekstfag;60,0%;0,0%;20,0%;20,0%;0,0%
2019/20;Nøtterøy videregående skole;vg 3;Påbygging;100,0%;0,0%;0,0%;0,0%;0,0%
2020/21;Nøtterøy videregående skole;vg 3;Påbygging;100,0%;0,0%;0,0%;0,0%;0,0%
2022/23;Nøtterøy videregående skole;vg 3;Påbygging;92,3%;0,0%;7,7%;0,0%;0,0%
2017/18;Nøtterøy videregående skole;vg 3;Påbygging;90,9%;0,0%;0,0%;0,0%;9,1%
2018/19;Nøtterøy videregående skole;vg 3;Påbygging;86,7%;0,0%;6,7%;0,0%;6,7%
2021/22;Nøtterøy videregående skole;vg 3;Påbygging;84,2%;5,3%;0,0%;10,5%;0,0%
2019/20;Nøtterøy videregående skole;vg 1;Studiespesialisering;96,0%;0,0%;1,3%;1,3%;1,3%
2021/22;Nøtterøy videregående skole;vg 1;Studiespesialisering;92,4%;0,7%;5,5%;0,0%;1,4%
2018/19;Nøtterøy videregående skole;vg 1;Studiespesialisering;92,3%;0,0%;4,4%;2,2%;1,1%
2017/18;Nøtterøy videregående skole;vg 1;Studiespesialisering;90,7%;0,0%;3,1%;4,7%;1,6%
2020/21;Nøtterøy videregående skole;vg 1;Studiespesialisering;90,0%;0,0%;4,6%;3,8%;1,5%
2022/23;Nøtterøy videregående skole;vg 1;Studiespesialisering;89,6%;0,6%;4,6%;4,6%;0,6%
2019/20;Nøtterøy videregående skole;vg 2;Studiespesialisering;93,3%;0,0%;1,1%;3,3%;2,2%
2020/21;Nøtterøy videregående skole;vg 2;Studiespesialisering;93,2%;0,0%;5,4%;1,4%;0,0%
2021/22;Nøtterøy videregående skole;vg 2;Studiespesialisering;90,8%;1,5%;3,1%;4,6%;0,0%
2022/23;Nøtterøy videregående skole;vg 2;Studiespesialisering;90,2%;0,8%;3,0%;6,1%;0,0%
2018/19;Nøtterøy videregående skole;vg 2;Studiespesialisering;90,1%;0,0%;1,7%;5,8%;2,5%
2017/18;Nøtterøy videregående skole;vg 2;Studiespesialisering;84,0%;0,0%;6,1%;7,6%;2,3%
2020/21;Nøtterøy videregående skole;vg 3;Studiespesialisering;92,5%;0,0%;1,9%;4,7%;0,9%
2021/22;Nøtterøy videregående skole;vg 3;Studiespesialisering;92,4%;0,7%;0,7%;5,6%;0,7%
2022/23;Nøtterøy videregående skole;vg 3;Studiespesialisering;92,0%;0,0%;5,8%;2,2%;0,0%
2019/20;Nøtterøy videregående skole;vg 3;Studiespesialisering;90,4%;0,0%;2,6%;6,1%;0,9%
2018/19;Nøtterøy videregående skole;vg 3;Studiespesialisering;87,3%;0,0%;3,2%;9,5%;0,0%
2017/18;Nøtterøy videregående skole;vg 3;Studiespesialisering;86,3%;0,0%;4,3%;7,9%;1,4%
2017/18;Re videregående skole;vg 1;Bygg- og anleggsteknikk;100,0%;0,0%;0,0%;0,0%;0,0%
2020/21;Re videregående skole;vg 1;Bygg- og anleggsteknikk;98,8%;0,0%;0,0%;0,0%;1,3%
2019/20;Re videregående skole;vg 1;Bygg- og anleggsteknikk;98,7%;0,0%;0,0%;0,0%;1,3%
2018/19;Re videregående skole;vg 1;Bygg- og anleggsteknikk;98,4%;0,0%;1,6%;0,0%;0,0%
2021/22;Re videregående skole;vg 1;Bygg- og anleggsteknikk;97,4%;0,0%;0,0%;1,3%;1,3%
2022/23;Re videregående skole;vg 1;Bygg- og anleggsteknikk;90,7%;1,3%;1,3%;1,3%;5,3%
2019/20;Re videregående skole;vg 2;Bygg- og anleggsteknikk;95,7%;0,0%;0,0%;0,0%;4,3%
2018/19;Re videregående skole;vg 2;Bygg- og anleggsteknikk;94,8%;0,0%;0,0%;1,7%;3,4%
2020/21;Re videregående skole;vg 2;Bygg- og anleggsteknikk;94,8%;0,0%;1,3%;3,9%;0,0%
2021/22;Re videregående skole;vg 2;Bygg- og anleggsteknikk;90,1%;2,8%;0,0%;0,0%;7,0%
2022/23;Re videregående skole;vg 2;Bygg- og anleggsteknikk;84,8%;4,5%;1,5%;6,1%;3,0%
2017/18;Re videregående skole;vg 2;Bygg- og anleggsteknikk;82,7%;0,0%;3,8%;3,8%;9,6%
2020/21;Re videregående skole;vg 1;Helse- og oppvekstfag;98,6%;0,0%;0,0%;0,0%;1,4%
2017/18;Re videregående skole;vg 1;Helse- og oppvekstfag;97,2%;0,0%;0,0%;2,8%;0,0%
2019/20;Re videregående skole;vg 1;Helse- og oppvekstfag;91,8%;0,0%;0,0%;3,3%;4,9%
2021/22;Re videregående skole;vg 1;Helse- og oppvekstfag;91,7%;3,3%;1,7%;1,7%;1,7%
2018/19;Re videregående skole;vg 1;Helse- og oppvekstfag;91,7%;0,0%;1,7%;5,0%;1,7%
2022/23;Re videregående skole;vg 1;Helse- og oppvekstfag;90,7%;2,7%;1,3%;1,3%;4,0%
2019/20;Re videregående skole;vg 2;Helse- og oppvekstfag;98,3%;0,0%;0,0%;1,7%;0,0%
2020/21;Re videregående skole;vg 2;Helse- og oppvekstfag;95,2%;0,0%;0,0%;3,2%;1,6%
2018/19;Re videregående skole;vg 2;Helse- og oppvekstfag;91,9%;0,0%;6,5%;1,6%;0,0%
2017/18;Re videregående skole;vg 2;Helse- og oppvekstfag;88,7%;0,0%;3,2%;6,5%;1,6%
2021/22;Re videregående skole;vg 2;Helse- og oppvekstfag;86,3%;5,5%;2,7%;2,7%;2,7%
2022/23;Re videregående skole;vg 2;Helse- og oppvekstfag;83,3%;8,3%;3,3%;1,7%;3,3%
2020/21;Re videregående skole;vg 1;Idrettsfag;100,0%;0,0%;0,0%;0,0%;0,0%
2021/22;Re videregående skole;vg 1;Idrettsfag;100,0%;0,0%;0,0%;0,0%;0,0%
2019/20;Re videregående skole;vg 1;Idrettsfag;98,3%;0,0%;1,7%;0,0%;0,0%
2022/23;Re videregående skole;vg 1;Idrettsfag;98,3%;0,0%;1,7%;0,0%;0,0%
2018/19;Re videregående skole;vg 1;Idrettsfag;96,6%;0,0%;0,0%;1,7%;1,7%
2017/18;Re videregående skole;vg 1;Idrettsfag;90,4%;0,0%;3,8%;1,9%;3,8%
2019/20;Re videregående skole;vg 2;Idrettsfag;97,7%;0,0%;2,3%;0,0%;0,0%
2022/23;Re videregående skole;vg 2;Idrettsfag;96,5%;1,8%;1,8%;0,0%;0,0%
2021/22;Re videregående skole;vg 2;Idrettsfag;96,4%;0,0%;1,8%;1,8%;0,0%
2017/18;Re videregående skole;vg 2;Idrettsfag;96,2%;0,0%;3,8%;0,0%;0,0%
2020/21;Re videregående skole;vg 2;Idrettsfag;94,9%;0,0%;1,7%;1,7%;1,7%
2018/19;Re videregående skole;vg 2;Idrettsfag;93,8%;0,0%;2,1%;4,2%;0,0%
2019/20;Re videregående skole;vg 3;Idrettsfag;100,0%;0,0%;0,0%;0,0%;0,0%
2021/22;Re videregående skole;vg 3;Idrettsfag;100,0%;0,0%;0,0%;0,0%;0,0%
2020/21;Re videregående skole;vg 3;Idrettsfag;97,8%;0,0%;0,0%;2,2%;0,0%
2022/23;Re videregående skole;vg 3;Idrettsfag;94,8%;0,0%;0,0%;3,4%;1,7%
2017/18;Re videregående skole;vg 3;Idrettsfag;88,3%;0,0%;6,7%;5,0%;0,0%
2018/19;Re videregående skole;vg 3;Idrettsfag;87,8%;0,0%;8,2%;4,1%;0,0%
2019/20;Re videregående skole;vg 3;Påbygging;100,0%;0,0%;0,0%;0,0%;0,0%
2021/22;Re videregående skole;vg 3;Påbygging;100,0%;0,0%;0,0%;0,0%;0,0%
2022/23;Re videregående skole;vg 3;Påbygging;96,7%;3,3%;0,0%;0,0%;0,0%
2020/21;Re videregående skole;vg 3;Påbygging;96,6%;0,0%;0,0%;3,4%;0,0%
2017/18;Re videregående skole;vg 3;Påbygging;93,3%;0,0%;3,3%;3,3%;0,0%
2018/19;Re videregående skole;vg 3;Påbygging;85,7%;0,0%;0,0%;14,3%;0,0%
2020/21;Re videregående skole;vg 1;Studiespesialisering;97,2%;0,0%;2,8%;0,0%;0,0%
2017/18;Re videregående skole;vg 1;Studiespesialisering;96,1%;0,0%;0,0%;2,9%;1,0%
2019/20;Re videregående skole;vg 1;Studiespesialisering;95,7%;0,0%;0,0%;4,3%;0,0%
2021/22;Re videregående skole;vg 1;Studiespesialisering;93,2%;4,2%;0,0%;1,7%;0,8%
2018/19;Re videregående skole;vg 1;Studiespesialisering;90,2%;0,0%;6,5%;3,3%;0,0%
2022/23;Re videregående skole;vg 1;Studiespesialisering;88,8%;5,6%;3,4%;2,2%;0,0%
2019/20;Re videregående skole;vg 2;Studiespesialisering;94,4%;0,0%;0,8%;4,8%;0,0%
2021/22;Re videregående skole;vg 2;Studiespesialisering;93,8%;0,0%;3,1%;1,0%;2,1%
2020/21;Re videregående skole;vg 2;Studiespesialisering;93,5%;0,0%;3,3%;3,3%;0,0%
2022/23;Re videregående skole;vg 2;Studiespesialisering;91,7%;1,7%;3,3%;2,5%;0,8%
2017/18;Re videregående skole;vg 2;Studiespesialisering;88,8%;0,0%;4,7%;5,6%;0,9%
2018/19;Re videregående skole;vg 2;Studiespesialisering;80,2%;0,0%;8,9%;9,9%;1,0%
2021/22;Re videregående skole;vg 3;Studiespesialisering;96,6%;1,1%;0,0%;1,1%;1,1%
2019/20;Re videregående skole;vg 3;Studiespesialisering;95,9%;0,0%;0,0%;2,1%;2,1%
2020/21;Re videregående skole;vg 3;Studiespesialisering;93,5%;0,0%;2,8%;3,7%;0,0%
2018/19;Re videregående skole;vg 3;Studiespesialisering;91,8%;0,0%;5,1%;3,1%;0,0%
2022/23;Re videregående skole;vg 3;Studiespesialisering;91,6%;2,1%;2,1%;4,2%;0,0%
2017/18;Re videregående skole;vg 3;Studiespesialisering;80,5%;0,0%;12,4%;6,2%;0,9%
2022/23;Sande videregående skole;vg 1;Elektro og datateknologi;96,4%;0,0%;0,0%;0,0%;3,6%
2021/22;Sande videregående skole;vg 1;Elektro og datateknologi;93,3%;6,7%;0,0%;0,0%;0,0%
2018/19;Sande videregående skole;vg 1;Elektro og datateknologi;93,3%;0,0%;3,3%;3,3%;0,0%
2017/18;Sande videregående skole;vg 1;Elektro og datateknologi;84,6%;0,0%;11,5%;0,0%;3,8%
2020/21;Sande videregående skole;vg 1;Elektro og datateknologi;80,0%;0,0%;16,7%;3,3%;0,0%
2019/20;Sande videregående skole;vg 1;Elektro og datateknologi;66,7%;3,3%;10,0%;20,0%;0,0%
2019/20;Sande videregående skole;vg 2;Elektro og datateknologi;100,0%;0,0%;0,0%;0,0%;0,0%
2021/22;Sande videregående skole;vg 2;Elektro og datateknologi;96,4%;0,0%;0,0%;3,6%;0,0%
2018/19;Sande videregående skole;vg 2;Elektro og datateknologi;93,8%;0,0%;0,0%;6,3%;0,0%
2022/23;Sande videregående skole;vg 2;Elektro og datateknologi;92,9%;0,0%;7,1%;0,0%;0,0%
2020/21;Sande videregående skole;vg 2;Elektro og datateknologi;87,5%;0,0%;0,0%;12,5%;0,0%
2017/18;Sande videregående skole;vg 2;Elektro og datateknologi;81,3%;0,0%;12,5%;0,0%;6,3%
2020/21;Sande videregående skole;vg 1;Helse- og oppvekstfag;94,1%;0,0%;5,9%;0,0%;0,0%
2017/18;Sande videregående skole;vg 1;Helse- og oppvekstfag;86,7%;0,0%;6,7%;0,0%;6,7%
2018/19;Sande videregående skole;vg 1;Helse- og oppvekstfag;86,5%;2,7%;8,1%;2,7%;0,0%
2019/20;Sande videregående skole;vg 1;Helse- og oppvekstfag;84,4%;0,0%;0,0%;9,4%;6,3%
2021/22;Sande videregående skole;vg 1;Helse- og oppvekstfag;80,4%;8,9%;3,6%;5,4%;1,8%
2022/23;Sande videregående skole;vg 1;Helse- og oppvekstfag;64,5%;6,5%;6,5%;9,7%;12,9%
2017/18;Sande videregående skole;vg 2;Helse- og oppvekstfag;100,0%;0,0%;0,0%;0,0%;0,0%
2021/22;Sande videregående skole;vg 2;Helse- og oppvekstfag;97,0%;3,0%;0,0%;0,0%;0,0%
2020/21;Sande videregående skole;vg 2;Helse- og oppvekstfag;96,8%;0,0%;0,0%;3,2%;0,0%
2022/23;Sande videregående skole;vg 2;Helse- og oppvekstfag;95,8%;0,0%;4,2%;0,0%;0,0%
2019/20;Sande videregående skole;vg 2;Helse- og oppvekstfag;94,1%;2,9%;0,0%;0,0%;2,9%
2018/19;Sande videregående skole;vg 2;Helse- og oppvekstfag;74,1%;0,0%;11,1%;14,8%;0,0%
2018/19;Sande videregående skole;vg 1;Idrettsfag;95,8%;4,2%;0,0%;0,0%;0,0%
2020/21;Sande videregående skole;vg 1;Idrettsfag;95,8%;0,0%;0,0%;4,2%;0,0%
2022/23;Sande videregående skole;vg 1;Idrettsfag;95,5%;0,0%;4,5%;0,0%;0,0%
2021/22;Sande videregående skole;vg 1;Idrettsfag;90,0%;5,0%;0,0%;0,0%;5,0%
2017/18;Sande videregående skole;vg 1;Idrettsfag;89,5%;5,3%;0,0%;5,3%;0,0%
2019/20;Sande videregående skole;vg 1;Idrettsfag;81,5%;14,8%;0,0%;3,7%;0,0%
2020/21;Sande videregående skole;vg 2;Idrettsfag;95,0%;0,0%;0,0%;5,0%;0,0%
2022/23;Sande videregående skole;vg 2;Idrettsfag;94,4%;0,0%;0,0%;5,6%;0,0%
2021/22;Sande videregående skole;vg 2;Idrettsfag;91,3%;0,0%;8,7%;0,0%;0,0%
2019/20;Sande videregående skole;vg 2;Idrettsfag;90,9%;0,0%;4,5%;4,5%;0,0%
2018/19;Sande videregående skole;vg 2;Idrettsfag;72,2%;11,1%;16,7%;0,0%;0,0%
2017/18;Sande videregående skole;vg 2;Idrettsfag;69,0%;0,0%;10,3%;20,7%;0,0%
2019/20;Sande videregående skole;vg 3;Idrettsfag;100,0%;0,0%;0,0%;0,0%;0,0%
2021/22;Sande videregående skole;vg 3;Idrettsfag;100,0%;0,0%;0,0%;0,0%;0,0%
2020/21;Sande videregående skole;vg 3;Idrettsfag;86,4%;0,0%;0,0%;13,6%;0,0%
2018/19;Sande videregående skole;vg 3;Idrettsfag;85,2%;3,7%;11,1%;0,0%;0,0%
2017/18;Sande videregående skole;vg 3;Idrettsfag;77,8%;7,4%;7,4%;7,4%;0,0%
2022/23;Sande videregående skole;vg 3;Idrettsfag;69,6%;0,0%;13,0%;17,4%;0,0%
2019/20;Sande videregående skole;vg 1;Medier og kommunikasjon;100,0%;0,0%;0,0%;0,0%;0,0%
2021/22;Sande videregående skole;vg 1;Medier og kommunikasjon;100,0%;0,0%;0,0%;0,0%;0,0%
2020/21;Sande videregående skole;vg 1;Medier og kommunikasjon;91,7%;0,0%;0,0%;8,3%;0,0%
2018/19;Sande videregående skole;vg 1;Medier og kommunikasjon;76,5%;5,9%;17,6%;0,0%;0,0%
2017/18;Sande videregående skole;vg 1;Medier og kommunikasjon;68,4%;10,5%;10,5%;5,3%;5,3%
2020/21;Sande videregående skole;vg 2;Medier og kommunikasjon;100,0%;0,0%;0,0%;0,0%;0,0%
2021/22;Sande videregående skole;vg 2;Medier og kommunikasjon;91,7%;0,0%;0,0%;0,0%;8,3%
2019/20;Sande videregående skole;vg 2;Medier og kommunikasjon;86,7%;13,3%;0,0%;0,0%;0,0%
2022/23;Sande videregående skole;vg 2;Medier og kommunikasjon;85,7%;0,0%;14,3%;0,0%;0,0%
2017/18;Sande videregående skole;vg 2;Medier og kommunikasjon;81,3%;6,3%;12,5%;0,0%;0,0%
2018/19;Sande videregående skole;vg 2;Medier og kommunikasjon;75,0%;8,3%;8,3%;8,3%;0,0%
2021/22;Sande videregående skole;vg 3;Medier og kommunikasjon;100,0%;0,0%;0,0%;0,0%;0,0%
2022/23;Sande videregående skole;vg 3;Medier og kommunikasjon;90,9%;0,0%;0,0%;9,1%;0,0%
2019/20;Sande videregående skole;vg 3;Medier og kommunikasjon;90,0%;10,0%;0,0%;0,0%;0,0%
2020/21;Sande videregående skole;vg 3;Medier og kommunikasjon;81,3%;0,0%;0,0%;18,8%;0,0%
2018/19;Sande videregående skole;vg 3;Medier og kommunikasjon;70,6%;17,6%;11,8%;0,0%;0,0%
2017/18;Sande videregående skole;vg 3;Medier og kommunikasjon;55,0%;5,0%;20,0%;15,0%;5,0%
2020/21;Sande videregående skole;vg 3;Påbygging;100,0%;0,0%;0,0%;0,0%;0,0%
2022/23;Sande videregående skole;vg 3;Påbygging;94,4%;0,0%;0,0%;5,6%;0,0%
2021/22;Sande videregående skole;vg 3;Påbygging;93,8%;0,0%;0,0%;6,3%;0,0%
2019/20;Sande videregående skole;vg 3;Påbygging;89,3%;10,7%;0,0%;0,0%;0,0%
2017/18;Sande videregående skole;vg 3;Påbygging;65,5%;3,4%;10,3%;3,4%;17,2%
2018/19;Sande videregående skole;vg 3;Påbygging;60,0%;5,0%;25,0%;5,0%;5,0%
2019/20;Sande videregående skole;vg 1;Studiespesialisering;98,0%;0,0%;0,0%;2,0%;0,0%
2020/21;Sande videregående skole;vg 1;Studiespesialisering;94,7%;0,0%;0,0%;0,0%;5,3%
2018/19;Sande videregående skole;vg 1;Studiespesialisering;94,4%;1,9%;1,9%;1,9%;0,0%
2017/18;Sande videregående skole;vg 1;Studiespesialisering;92,3%;3,8%;3,8%;0,0%;0,0%
2021/22;Sande videregående skole;vg 1;Studiespesialisering;89,2%;8,1%;2,7%;0,0%;0,0%
2022/23;Sande videregående skole;vg 1;Studiespesialisering;85,4%;9,8%;0,0%;2,4%;2,4%
2020/21;Sande videregående skole;vg 2;Studiespesialisering;98,1%;0,0%;0,0%;0,0%;1,9%
2021/22;Sande videregående skole;vg 2;Studiespesialisering;97,3%;0,0%;2,7%;0,0%;0,0%
2018/19;Sande videregående skole;vg 2;Studiespesialisering;91,5%;2,1%;4,3%;0,0%;2,1%
2019/20;Sande videregående skole;vg 2;Studiespesialisering;90,2%;2,0%;0,0%;7,8%;0,0%
2022/23;Sande videregående skole;vg 2;Studiespesialisering;89,5%;0,0%;5,3%;5,3%;0,0%
2017/18;Sande videregående skole;vg 2;Studiespesialisering;85,2%;1,6%;6,6%;3,3%;3,3%
2021/22;Sande videregående skole;vg 3;Studiespesialisering;98,0%;0,0%;0,0%;2,0%;0,0%
2019/20;Sande videregående skole;vg 3;Studiespesialisering;97,7%;2,3%;0,0%;0,0%;0,0%
2020/21;Sande videregående skole;vg 3;Studiespesialisering;95,8%;2,1%;2,1%;0,0%;0,0%
2022/23;Sande videregående skole;vg 3;Studiespesialisering;94,3%;2,9%;2,9%;0,0%;0,0%
2017/18;Sande videregående skole;vg 3;Studiespesialisering;88,1%;1,7%;1,7%;6,8%;1,7%
2018/19;Sande videregående skole;vg 3;Studiespesialisering;86,4%;1,7%;6,8%;5,1%;0,0%
2021/22;Sande videregående skole;vg 1;Teknologi- og industrifag;80,0%;13,3%;6,7%;0,0%;0,0%
2020/21;Sande videregående skole;vg 1;Teknologi- og industrifag;80,0%;0,0%;0,0%;13,3%;6,7%
2019/20;Sande videregående skole;vg 1;Teknologi- og industrifag;78,6%;0,0%;14,3%;7,1%;0,0%
2022/23;Sande videregående skole;vg 1;Teknologi- og industrifag;63,0%;7,4%;3,7%;14,8%;11,1%
2018/19;Sande videregående skole;vg 1;Teknologi- og industrifag;62,5%;0,0%;25,0%;6,3%;6,3%
2017/18;Sande videregående skole;vg 1;Teknologi- og industrifag;42,9%;0,0%;50,0%;7,1%;0,0%
2022/23;Sande videregående skole;vg 2;Teknologi- og industrifag;92,9%;0,0%;0,0%;7,1%;0,0%
2017/18;Sande videregående skole;vg 2;Teknologi- og industrifag;92,3%;7,7%;0,0%;0,0%;0,0%
2018/19;Sande videregående skole;vg 2;Teknologi- og industrifag;85,7%;0,0%;14,3%;0,0%;0,0%
2019/20;Sande videregående skole;vg 2;Teknologi- og industrifag;81,8%;9,1%;9,1%;0,0%;0,0%
2021/22;Sande videregående skole;vg 2;Teknologi- og industrifag;75,0%;0,0%;0,0%;12,5%;12,5%
2020/21;Sande videregående skole;vg 2;Teknologi- og industrifag;66,7%;0,0%;0,0%;25,0%;8,3%
2018/19;Sandefjord videregående skole;vg 1;Design og håndverk;66,7%;0,0%;2,8%;22,2%;8,3%
2017/18;Sandefjord videregående skole;vg 1;Design og håndverk;65,5%;3,4%;6,9%;13,8%;10,3%
2019/20;Sandefjord videregående skole;vg 1;Design og håndverk;60,5%;0,0%;4,7%;23,3%;11,6%
2020/21;Sandefjord videregående skole;vg 2;Design og håndverk;87,9%;3,0%;0,0%;6,1%;3,0%
2018/19;Sandefjord videregående skole;vg 2;Design og håndverk;75,0%;0,0%;0,0%;12,5%;12,5%
2017/18;Sandefjord videregående skole;vg 2;Design og håndverk;71,4%;0,0%;9,5%;19,0%;0,0%
2019/20;Sandefjord videregående skole;vg 2;Design og håndverk;62,5%;0,0%;0,0%;29,2%;8,3%
2021/22;Sandefjord videregående skole;vg 3;Design og håndverk;84,6%;0,0%;0,0%;0,0%;15,4%
2020/21;Sandefjord videregående skole;vg 3;Design og håndverk;66,7%;0,0%;0,0%;33,3%;0,0%
2022/23;Sandefjord videregående skole;vg 1;Elektro og datateknologi;93,5%;3,2%;3,2%;0,0%;0,0%
2020/21;Sandefjord videregående skole;vg 1;Elektro og datateknologi;92,9%;0,0%;3,6%;0,0%;3,6%
2017/18;Sandefjord videregående skole;vg 1;Elektro og datateknologi;90,0%;0,0%;3,3%;3,3%;3,3%
2018/19;Sandefjord videregående skole;vg 1;Elektro og datateknologi;89,3%;0,0%;7,1%;3,6%;0,0%
2021/22;Sandefjord videregående skole;vg 1;Elektro og datateknologi;85,7%;3,6%;3,6%;3,6%;3,6%
2019/20;Sandefjord videregående skole;vg 1;Elektro og datateknologi;83,3%;0,0%;6,7%;6,7%;3,3%
2017/18;Sandefjord videregående skole;vg 2;Elektro og datateknologi;95,5%;0,0%;4,5%;0,0%;0,0%
2019/20;Sandefjord videregående skole;vg 2;Elektro og datateknologi;91,7%;0,0%;4,2%;0,0%;4,2%
2020/21;Sandefjord videregående skole;vg 2;Elektro og datateknologi;89,7%;0,0%;3,4%;3,4%;3,4%
2018/19;Sandefjord videregående skole;vg 2;Elektro og datateknologi;83,3%;12,5%;0,0%;0,0%;4,2%
2022/23;Sandefjord videregående skole;vg 2;Elektro og datateknologi;77,8%;0,0%;18,5%;0,0%;3,7%
2021/22;Sandefjord videregående skole;vg 2;Elektro og datateknologi;70,4%;14,8%;3,7%;0,0%;11,1%
2018/19;Sandefjord videregående skole;vg 3;Elektro og datateknologi;100,0%;0,0%;0,0%;0,0%;0,0%
2019/20;Sandefjord videregående skole;vg 3;Elektro og datateknologi;100,0%;0,0%;0,0%;0,0%;0,0%
2017/18;Sandefjord videregående skole;vg 3;Elektro og datateknologi;90,9%;0,0%;0,0%;0,0%;9,1%
2020/21;Sandefjord videregående skole;vg 3;Elektro og datateknologi;80,0%;0,0%;10,0%;0,0%;10,0%
2022/23;Sandefjord videregående skole;vg 3;Elektro og datateknologi;70,0%;0,0%;10,0%;10,0%;10,0%
2021/22;Sandefjord videregående skole;vg 3;Elektro og datateknologi;63,6%;0,0%;36,4%;0,0%;0,0%
2022/23;Sandefjord videregående skole;vg 1;Frisør,blomst,int,eksp.design;65,1%;4,7%;7,0%;9,3%;14,0%
2020/21;Sandefjord videregående skole;vg 1;Frisør,blomst,int,eksp.design;63,0%;0,0%;7,4%;18,5%;11,1%
2021/22;Sandefjord videregående skole;vg 1;Frisør,blomst,int,eksp.design;60,5%;20,9%;7,0%;0,0%;11,6%
2021/22;Sandefjord videregående skole;vg 2;Frisør,blomst,int,eksp.design;89,5%;5,3%;0,0%;0,0%;5,3%
2022/23;Sandefjord videregående skole;vg 2;Frisør,blomst,int,eksp.design;70,6%;9,8%;0,0%;7,8%;11,8%
2022/23;Sandefjord videregående skole;vg 3;Frisør,blomst,int,eksp.design;88,9%;0,0%;0,0%;11,1%;0,0%
2021/22;Sandefjord videregående skole;vg 1;Helse- og oppvekstfag;81,9%;4,8%;2,9%;1,9%;8,6%
2018/19;Sandefjord videregående skole;vg 1;Helse- og oppvekstfag;78,8%;1,8%;8,0%;8,0%;3,5%
2022/23;Sandefjord videregående skole;vg 1;Helse- og oppvekstfag;74,7%;1,1%;8,4%;7,4%;8,4%
2017/18;Sandefjord videregående skole;vg 1;Helse- og oppvekstfag;74,5%;1,0%;6,9%;11,8%;5,9%
2019/20;Sandefjord videregående skole;vg 1;Helse- og oppvekstfag;74,1%;0,0%;8,6%;8,6%;8,6%
2020/21;Sandefjord videregående skole;vg 1;Helse- og oppvekstfag;71,7%;0,0%;4,4%;11,5%;12,4%
2019/20;Sandefjord videregående skole;vg 2;Helse- og oppvekstfag;90,4%;0,0%;0,9%;7,0%;1,7%
2021/22;Sandefjord videregående skole;vg 2;Helse- og oppvekstfag;86,3%;2,0%;2,9%;3,9%;4,9%
2020/21;Sandefjord videregående skole;vg 2;Helse- og oppvekstfag;86,1%;0,0%;2,8%;6,5%;4,6%
2022/23;Sandefjord videregående skole;vg 2;Helse- og oppvekstfag;81,8%;3,0%;4,0%;8,1%;3,0%
2017/18;Sandefjord videregående skole;vg 2;Helse- og oppvekstfag;78,1%;1,4%;8,2%;8,2%;4,1%
2018/19;Sandefjord videregående skole;vg 2;Helse- og oppvekstfag;70,6%;1,0%;12,7%;10,8%;4,9%
2020/21;Sandefjord videregående skole;vg 3;Helse- og oppvekstfag;83,3%;0,0%;8,3%;4,2%;4,2%
2017/18;Sandefjord videregående skole;vg 3;Helse- og oppvekstfag;83,3%;0,0%;5,6%;0,0%;11,1%
2022/23;Sandefjord videregående skole;vg 3;Helse- og oppvekstfag;82,6%;0,0%;8,7%;4,3%;4,3%
2018/19;Sandefjord videregående skole;vg 3;Helse- og oppvekstfag;77,3%;0,0%;0,0%;22,7%;0,0%
2021/22;Sandefjord videregående skole;vg 3;Helse- og oppvekstfag;68,4%;5,3%;21,1%;5,3%;0,0%
2019/20;Sandefjord videregående skole;vg 3;Helse- og oppvekstfag;63,6%;0,0%;0,0%;36,4%;0,0%
2021/22;Sandefjord videregående skole;vg 1;Idrettsfag;100,0%;0,0%;0,0%;0,0%;0,0%
2018/19;Sandefjord videregående skole;vg 1;Idrettsfag;97,0%;0,0%;0,0%;3,0%;0,0%
2019/20;Sandefjord videregående skole;vg 1;Idrettsfag;96,9%;0,0%;3,1%;0,0%;0,0%
2017/18;Sandefjord videregående skole;vg 1;Idrettsfag;96,9%;0,0%;0,0%;3,1%;0,0%
2020/21;Sandefjord videregående skole;vg 1;Idrettsfag;93,3%;0,0%;0,0%;3,3%;3,3%
2022/23;Sandefjord videregående skole;vg 1;Idrettsfag;90,6%;3,1%;3,1%;3,1%;0,0%
2022/23;Sandefjord videregående skole;vg 2;Idrettsfag;100,0%;0,0%;0,0%;0,0%;0,0%
2019/20;Sandefjord videregående skole;vg 2;Idrettsfag;96,6%;0,0%;0,0%;3,4%;0,0%
2021/22;Sandefjord videregående skole;vg 2;Idrettsfag;96,0%;0,0%;4,0%;0,0%;0,0%
2020/21;Sandefjord videregående skole;vg 2;Idrettsfag;93,8%;0,0%;3,1%;3,1%;0,0%
2018/19;Sandefjord videregående skole;vg 2;Idrettsfag;90,3%;3,2%;0,0%;6,5%;0,0%
2017/18;Sandefjord videregående skole;vg 2;Idrettsfag;83,9%;0,0%;9,7%;6,5%;0,0%
2021/22;Sandefjord videregående skole;vg 3;Idrettsfag;100,0%;0,0%;0,0%;0,0%;0,0%
2022/23;Sandefjord videregående skole;vg 3;Idrettsfag;100,0%;0,0%;0,0%;0,0%;0,0%
2019/20;Sandefjord videregående skole;vg 3;Idrettsfag;96,8%;0,0%;0,0%;0,0%;3,2%
2020/21;Sandefjord videregående skole;vg 3;Idrettsfag;96,6%;0,0%;0,0%;3,4%;0,0%
2017/18;Sandefjord videregående skole;vg 3;Idrettsfag;80,6%;3,2%;6,5%;9,7%;0,0%
2018/19;Sandefjord videregående skole;vg 3;Idrettsfag;75,8%;0,0%;12,1%;9,1%;3,0%
2020/21;Sandefjord videregående skole;vg 1;IT og medieproduksjon;100,0%;0,0%;0,0%;0,0%;0,0%
2021/22;Sandefjord videregående skole;vg 1;IT og medieproduksjon;94,1%;0,0%;2,9%;0,0%;2,9%
2022/23;Sandefjord videregående skole;vg 1;IT og medieproduksjon;84,8%;3,0%;3,0%;6,1%;3,0%
2021/22;Sandefjord videregående skole;vg 2;IT og medieproduksjon;82,1%;0,0%;3,6%;10,7%;3,6%
2022/23;Sandefjord videregående skole;vg 2;IT og medieproduksjon;80,0%;0,0%;3,3%;13,3%;3,3%
2018/19;Sandefjord videregående skole;vg 1;Kunst, design og arkitektur;71,4%;0,0%;7,1%;17,9%;3,6%
2020/21;Sandefjord videregående skole;vg 1;Kunst, design og arkitektur;70,4%;0,0%;3,7%;14,8%;11,1%
2017/18;Sandefjord videregående skole;vg 1;Kunst, design og arkitektur;68,4%;5,3%;10,5%;10,5%;5,3%
2021/22;Sandefjord videregående skole;vg 1;Kunst, design og arkitektur;66,7%;16,7%;13,3%;0,0%;3,3%
2022/23;Sandefjord videregående skole;vg 1;Kunst, design og arkitektur;64,5%;16,1%;9,7%;9,7%;0,0%
2019/20;Sandefjord videregående skole;vg 1;Kunst, design og arkitektur;57,1%;0,0%;7,1%;21,4%;14,3%
2018/19;Sandefjord videregående skole;vg 2;Kunst, design og arkitektur;76,9%;0,0%;7,7%;15,4%;0,0%
2021/22;Sandefjord videregående skole;vg 2;Kunst, design og arkitektur;75,0%;8,3%;4,2%;8,3%;4,2%
2022/23;Sandefjord videregående skole;vg 2;Kunst, design og arkitektur;72,7%;4,5%;9,1%;13,6%;0,0%
2019/20;Sandefjord videregående skole;vg 2;Kunst, design og arkitektur;72,7%;0,0%;9,1%;18,2%;0,0%
2020/21;Sandefjord videregående skole;vg 2;Kunst, design og arkitektur;72,7%;0,0%;0,0%;13,6%;13,6%
2017/18;Sandefjord videregående skole;vg 2;Kunst, design og arkitektur;71,9%;9,4%;15,6%;0,0%;3,1%
2021/22;Sandefjord videregående skole;vg 3;Kunst, design og arkitektur;94,7%;0,0%;0,0%;5,3%;0,0%
2019/20;Sandefjord videregående skole;vg 3;Kunst, design og arkitektur;90,9%;0,0%;0,0%;9,1%;0,0%
2020/21;Sandefjord videregående skole;vg 3;Kunst, design og arkitektur;84,2%;0,0%;0,0%;15,8%;0,0%
2018/19;Sandefjord videregående skole;vg 3;Kunst, design og arkitektur;83,3%;0,0%;8,3%;8,3%;0,0%
2022/23;Sandefjord videregående skole;vg 3;Kunst, design og arkitektur;77,8%;16,7%;0,0%;5,6%;0,0%
2019/20;Sandefjord videregående skole;vg 1;Musikk, dans og drama;89,8%;2,0%;6,1%;0,0%;2,0%
2022/23;Sandefjord videregående skole;vg 1;Musikk, dans og drama;89,1%;6,5%;0,0%;4,3%;0,0%
2017/18;Sandefjord videregående skole;vg 1;Musikk, dans og drama;84,8%;0,0%;9,1%;6,1%;0,0%
2018/19;Sandefjord videregående skole;vg 1;Musikk, dans og drama;79,6%;0,0%;6,1%;12,2%;2,0%
2020/21;Sandefjord videregående skole;vg 1;Musikk, dans og drama;79,5%;12,8%;5,1%;2,6%;0,0%
2021/22;Sandefjord videregående skole;vg 1;Musikk, dans og drama;78,0%;8,0%;6,0%;6,0%;2,0%
2017/18;Sandefjord videregående skole;vg 2;Musikk, dans og drama;95,9%;0,0%;0,0%;4,1%;0,0%
2022/23;Sandefjord videregående skole;vg 2;Musikk, dans og drama;85,7%;4,8%;4,8%;2,4%;2,4%
2020/21;Sandefjord videregående skole;vg 2;Musikk, dans og drama;84,4%;8,9%;4,4%;0,0%;2,2%
2021/22;Sandefjord videregående skole;vg 2;Musikk, dans og drama;83,3%;2,8%;5,6%;5,6%;2,8%
2019/20;Sandefjord videregående skole;vg 2;Musikk, dans og drama;80,4%;2,2%;4,3%;13,0%;0,0%
2018/19;Sandefjord videregående skole;vg 2;Musikk, dans og drama;71,0%;0,0%;3,2%;16,1%;9,7%
2021/22;Sandefjord videregående skole;vg 3;Musikk, dans og drama;91,1%;4,4%;2,2%;2,2%;0,0%
2017/18;Sandefjord videregående skole;vg 3;Musikk, dans og drama;90,7%;0,0%;2,3%;4,7%;2,3%
2020/21;Sandefjord videregående skole;vg 3;Musikk, dans og drama;88,4%;2,3%;0,0%;4,7%;4,7%
2022/23;Sandefjord videregående skole;vg 3;Musikk, dans og drama;88,2%;8,8%;0,0%;0,0%;2,9%
2018/19;Sandefjord videregående skole;vg 3;Musikk, dans og drama;84,9%;0,0%;1,9%;7,5%;5,7%
2019/20;Sandefjord videregående skole;vg 3;Musikk, dans og drama;84,6%;3,8%;3,8%;3,8%;3,8%
2019/20;Sandefjord videregående skole;vg 3;Påbygging;86,1%;2,8%;1,4%;6,9%;2,8%
2022/23;Sandefjord videregående skole;vg 3;Påbygging;82,9%;4,9%;3,7%;4,9%;3,7%
2020/21;Sandefjord videregående skole;vg 3;Påbygging;81,8%;3,9%;6,5%;5,2%;2,6%
2018/19;Sandefjord videregående skole;vg 3;Påbygging;78,4%;4,1%;9,5%;5,4%;2,7%
2021/22;Sandefjord videregående skole;vg 3;Påbygging;73,6%;8,5%;6,6%;8,5%;2,8%
2017/18;Sandefjord videregående skole;vg 3;Påbygging;64,2%;6,4%;12,8%;3,7%;12,8%
2018/19;Sandefjord videregående skole;vg 1;Restaurant- og matfag;81,5%;0,0%;0,0%;11,1%;7,4%
2020/21;Sandefjord videregående skole;vg 1;Restaurant- og matfag;78,6%;0,0%;0,0%;10,7%;10,7%
2022/23;Sandefjord videregående skole;vg 1;Restaurant- og matfag;73,7%;10,5%;0,0%;10,5%;5,3%
2017/18;Sandefjord videregående skole;vg 1;Restaurant- og matfag;60,0%;0,0%;15,0%;10,0%;15,0%
2019/20;Sandefjord videregående skole;vg 1;Restaurant- og matfag;52,2%;0,0%;13,0%;17,4%;17,4%
2019/20;Sandefjord videregående skole;vg 2;Restaurant- og matfag;91,3%;0,0%;0,0%;4,3%;4,3%
2017/18;Sandefjord videregående skole;vg 2;Restaurant- og matfag;83,3%;0,0%;5,6%;5,6%;5,6%
2018/19;Sandefjord videregående skole;vg 2;Restaurant- og matfag;81,8%;0,0%;0,0%;18,2%;0,0%
2021/22;Sandefjord videregående skole;vg 2;Restaurant- og matfag;80,0%;0,0%;6,7%;6,7%;6,7%
2020/21;Sandefjord videregående skole;vg 2;Restaurant- og matfag;69,2%;7,7%;0,0%;23,1%;0,0%
2020/21;Sandefjord videregående skole;vg 1;Salg, service og reiseliv;80,0%;0,0%;2,9%;11,4%;5,7%
2022/23;Sandefjord videregående skole;vg 1;Salg, service og reiseliv;75,0%;1,3%;0,0%;11,8%;11,8%
2021/22;Sandefjord videregående skole;vg 1;Salg, service og reiseliv;73,1%;6,0%;0,0%;7,5%;13,4%
2022/23;Sandefjord videregående skole;vg 2;Salg, service og reiseliv;86,4%;0,0%;0,0%;6,8%;6,8%
2021/22;Sandefjord videregående skole;vg 2;Salg, service og reiseliv;79,7%;1,6%;0,0%;10,9%;7,8%
2019/20;Sandefjord videregående skole;vg 1;Service og samferdsel;80,6%;0,0%;9,2%;8,2%;2,0%
2017/18;Sandefjord videregående skole;vg 1;Service og samferdsel;79,4%;0,0%;4,4%;10,3%;5,9%
2018/19;Sandefjord videregående skole;vg 1;Service og samferdsel;64,9%;0,0%;4,1%;18,9%;12,2%
2020/21;Sandefjord videregående skole;vg 2;Service og samferdsel;89,0%;0,0%;1,7%;7,6%;1,7%
2017/18;Sandefjord videregående skole;vg 2;Service og samferdsel;82,0%;0,0%;2,0%;9,0%;7,0%
2018/19;Sandefjord videregående skole;vg 2;Service og samferdsel;79,8%;0,0%;6,7%;6,7%;6,7%
2019/20;Sandefjord videregående skole;vg 2;Service og samferdsel;70,8%;0,0%;5,2%;15,6%;8,3%
2019/20;Sandefjord videregående skole;vg 1;Studiespesialisering;88,6%;3,7%;2,9%;3,3%;1,6%
2021/22;Sandefjord videregående skole;vg 1;Studiespesialisering;87,4%;4,7%;5,6%;2,0%;0,3%
2020/21;Sandefjord videregående skole;vg 1;Studiespesialisering;87,1%;0,7%;6,3%;3,8%;2,1%
2018/19;Sandefjord videregående skole;vg 1;Studiespesialisering;87,0%;1,7%;5,6%;4,3%;1,3%
2017/18;Sandefjord videregående skole;vg 1;Studiespesialisering;84,6%;4,0%;6,8%;2,5%;2,2%
2022/23;Sandefjord videregående skole;vg 1;Studiespesialisering;83,4%;7,4%;5,2%;1,5%;2,6%
2020/21;Sandefjord videregående skole;vg 2;Studiespesialisering;87,8%;0,9%;0,9%;8,1%;2,3%
2022/23;Sandefjord videregående skole;vg 2;Studiespesialisering;84,9%;4,9%;4,9%;4,3%;1,0%
2017/18;Sandefjord videregående skole;vg 2;Studiespesialisering;84,7%;3,2%;6,1%;4,2%;1,9%
2019/20;Sandefjord videregående skole;vg 2;Studiespesialisering;81,8%;2,1%;5,3%;10,2%;0,7%
2018/19;Sandefjord videregående skole;vg 2;Studiespesialisering;80,1%;3,0%;7,1%;8,8%;1,0%
2021/22;Sandefjord videregående skole;vg 2;Studiespesialisering;79,3%;3,7%;6,3%;8,7%;2,0%
2020/21;Sandefjord videregående skole;vg 3;Studiespesialisering;90,6%;0,3%;2,4%;5,9%;0,7%
2019/20;Sandefjord videregående skole;vg 3;Studiespesialisering;89,7%;2,0%;2,0%;4,3%;2,0%
2021/22;Sandefjord videregående skole;vg 3;Studiespesialisering;88,0%;6,4%;1,2%;3,2%;1,2%
2022/23;Sandefjord videregående skole;vg 3;Studiespesialisering;84,6%;3,8%;3,1%;7,3%;1,0%
2018/19;Sandefjord videregående skole;vg 3;Studiespesialisering;81,9%;1,0%;8,7%;7,1%;1,3%
2017/18;Sandefjord videregående skole;vg 3;Studiespesialisering;78,5%;2,8%;8,1%;8,7%;1,9%
2022/23;Sandefjord videregående skole;vg 1;Teknologi- og industrifag;75,5%;1,9%;1,9%;7,5%;13,2%
2021/22;Sandefjord videregående skole;vg 1;Teknologi- og industrifag;70,7%;5,2%;1,7%;10,3%;12,1%
2017/18;Sandefjord videregående skole;vg 1;Teknologi- og industrifag;67,5%;0,0%;12,5%;5,0%;15,0%
2019/20;Sandefjord videregående skole;vg 1;Teknologi- og industrifag;64,3%;0,0%;1,8%;23,2%;10,7%
2018/19;Sandefjord videregående skole;vg 1;Teknologi- og industrifag;63,6%;0,0%;9,1%;16,4%;10,9%
2020/21;Sandefjord videregående skole;vg 1;Teknologi- og industrifag;52,6%;0,0%;1,8%;29,8%;15,8%
2022/23;Sandefjord videregående skole;vg 2;Teknologi- og industrifag;88,2%;0,0%;0,0%;2,9%;8,8%
2019/20;Sandefjord videregående skole;vg 2;Teknologi- og industrifag;79,3%;0,0%;6,9%;6,9%;6,9%
2020/21;Sandefjord videregående skole;vg 2;Teknologi- og industrifag;78,1%;0,0%;3,1%;6,3%;12,5%
2021/22;Sandefjord videregående skole;vg 2;Teknologi- og industrifag;70,4%;7,4%;7,4%;3,7%;11,1%
2017/18;Sandefjord videregående skole;vg 2;Teknologi- og industrifag;70,0%;0,0%;6,7%;16,7%;6,7%
2018/19;Sandefjord videregående skole;vg 2;Teknologi- og industrifag;59,3%;0,0%;11,1%;14,8%;14,8%
2019/20;Thor Heyerdahl videregående skole;vg 1;Bygg- og anleggsteknikk;95,2%;0,0%;1,6%;1,6%;1,6%
2020/21;Thor Heyerdahl videregående skole;vg 1;Bygg- og anleggsteknikk;89,1%;0,0%;0,0%;7,8%;3,1%
2017/18;Thor Heyerdahl videregående skole;vg 1;Bygg- og anleggsteknikk;83,9%;0,0%;1,8%;3,6%;10,7%
2018/19;Thor Heyerdahl videregående skole;vg 1;Bygg- og anleggsteknikk;82,8%;0,0%;7,8%;7,8%;1,6%
2021/22;Thor Heyerdahl videregående skole;vg 1;Bygg- og anleggsteknikk;81,1%;9,5%;0,0%;5,4%;4,1%
2022/23;Thor Heyerdahl videregående skole;vg 1;Bygg- og anleggsteknikk;55,4%;4,8%;9,6%;9,6%;20,5%
2021/22;Thor Heyerdahl videregående skole;vg 2;Bygg- og anleggsteknikk;90,9%;0,0%;2,3%;4,5%;2,3%
2019/20;Thor Heyerdahl videregående skole;vg 2;Bygg- og anleggsteknikk;88,1%;0,0%;4,8%;4,8%;2,4%
2022/23;Thor Heyerdahl videregående skole;vg 2;Bygg- og anleggsteknikk;85,4%;2,1%;0,0%;6,3%;6,3%
2020/21;Thor Heyerdahl videregående skole;vg 2;Bygg- og anleggsteknikk;82,6%;0,0%;0,0%;15,2%;2,2%
2018/19;Thor Heyerdahl videregående skole;vg 2;Bygg- og anleggsteknikk;77,8%;0,0%;13,9%;8,3%;0,0%
2017/18;Thor Heyerdahl videregående skole;vg 2;Bygg- og anleggsteknikk;77,8%;0,0%;11,1%;6,7%;4,4%
2021/22;Thor Heyerdahl videregående skole;vg 1;Elektro og datateknologi;100,0%;0,0%;0,0%;0,0%;0,0%
2022/23;Thor Heyerdahl videregående skole;vg 1;Elektro og datateknologi;100,0%;0,0%;0,0%;0,0%;0,0%
2020/21;Thor Heyerdahl videregående skole;vg 1;Elektro og datateknologi;98,0%;0,0%;0,0%;2,0%;0,0%
2017/18;Thor Heyerdahl videregående skole;vg 1;Elektro og datateknologi;97,9%;0,0%;0,0%;2,1%;0,0%
2019/20;Thor Heyerdahl videregående skole;vg 1;Elektro og datateknologi;93,8%;0,0%;0,0%;4,2%;2,1%
2018/19;Thor Heyerdahl videregående skole;vg 1;Elektro og datateknologi;93,5%;0,0%;2,2%;2,2%;2,2%
2020/21;Thor Heyerdahl videregående skole;vg 2;Elektro og datateknologi;100,0%;0,0%;0,0%;0,0%;0,0%
2021/22;Thor Heyerdahl videregående skole;vg 2;Elektro og datateknologi;97,9%;2,1%;0,0%;0,0%;0,0%
2022/23;Thor Heyerdahl videregående skole;vg 2;Elektro og datateknologi;95,8%;2,1%;2,1%;0,0%;0,0%
2017/18;Thor Heyerdahl videregående skole;vg 2;Elektro og datateknologi;95,7%;0,0%;0,0%;2,2%;2,2%
2018/19;Thor Heyerdahl videregående skole;vg 2;Elektro og datateknologi;95,6%;0,0%;0,0%;2,2%;2,2%
2019/20;Thor Heyerdahl videregående skole;vg 2;Elektro og datateknologi;95,3%;0,0%;0,0%;4,7%;0,0%
2017/18;Thor Heyerdahl videregående skole;vg 1;Helse- og oppvekstfag;86,8%;0,0%;6,6%;5,3%;1,3%
2019/20;Thor Heyerdahl videregående skole;vg 1;Helse- og oppvekstfag;84,0%;0,0%;4,0%;5,3%;6,7%
2022/23;Thor Heyerdahl videregående skole;vg 1;Helse- og oppvekstfag;81,8%;1,5%;7,6%;1,5%;7,6%
2021/22;Thor Heyerdahl videregående skole;vg 1;Helse- og oppvekstfag;79,7%;9,4%;0,0%;6,3%;4,7%
2018/19;Thor Heyerdahl videregående skole;vg 1;Helse- og oppvekstfag;79,0%;0,0%;6,2%;7,4%;7,4%
2020/21;Thor Heyerdahl videregående skole;vg 1;Helse- og oppvekstfag;78,7%;0,0%;2,7%;14,7%;4,0%
2020/21;Thor Heyerdahl videregående skole;vg 2;Helse- og oppvekstfag;89,3%;0,0%;2,7%;5,3%;2,7%
2018/19;Thor Heyerdahl videregående skole;vg 2;Helse- og oppvekstfag;87,8%;2,7%;1,4%;6,8%;1,4%
2019/20;Thor Heyerdahl videregående skole;vg 2;Helse- og oppvekstfag;87,5%;0,0%;1,4%;5,6%;5,6%
2022/23;Thor Heyerdahl videregående skole;vg 2;Helse- og oppvekstfag;86,0%;3,5%;1,8%;0,0%;8,8%
2017/18;Thor Heyerdahl videregående skole;vg 2;Helse- og oppvekstfag;85,5%;1,3%;1,3%;9,2%;2,6%
2021/22;Thor Heyerdahl videregående skole;vg 2;Helse- og oppvekstfag;76,7%;15,1%;0,0%;0,0%;8,2%
2019/20;Thor Heyerdahl videregående skole;vg 1;Idrettsfag;100,0%;0,0%;0,0%;0,0%;0,0%
2022/23;Thor Heyerdahl videregående skole;vg 1;Idrettsfag;96,8%;1,6%;0,0%;0,0%;1,6%
2021/22;Thor Heyerdahl videregående skole;vg 1;Idrettsfag;96,6%;1,7%;1,7%;0,0%;0,0%
2020/21;Thor Heyerdahl videregående skole;vg 1;Idrettsfag;95,2%;0,0%;0,0%;3,2%;1,6%
2018/19;Thor Heyerdahl videregående skole;vg 1;Idrettsfag;95,0%;0,0%;0,0%;3,3%;1,7%
2017/18;Thor Heyerdahl videregående skole;vg 1;Idrettsfag;91,9%;0,0%;1,6%;6,5%;0,0%
2020/21;Thor Heyerdahl videregående skole;vg 2;Idrettsfag;98,4%;0,0%;0,0%;1,6%;0,0%
2021/22;Thor Heyerdahl videregående skole;vg 2;Idrettsfag;98,4%;0,0%;0,0%;0,0%;1,6%
2018/19;Thor Heyerdahl videregående skole;vg 2;Idrettsfag;94,6%;0,0%;1,8%;3,6%;0,0%
2019/20;Thor Heyerdahl videregående skole;vg 2;Idrettsfag;94,4%;0,0%;1,9%;3,7%;0,0%
2022/23;Thor Heyerdahl videregående skole;vg 2;Idrettsfag;92,9%;0,0%;7,1%;0,0%;0,0%
2017/18;Thor Heyerdahl videregående skole;vg 2;Idrettsfag;91,8%;0,0%;6,6%;1,6%;0,0%
2021/22;Thor Heyerdahl videregående skole;vg 3;Idrettsfag;98,4%;0,0%;0,0%;1,6%;0,0%
2019/20;Thor Heyerdahl videregående skole;vg 3;Idrettsfag;96,6%;0,0%;0,0%;1,7%;1,7%
2020/21;Thor Heyerdahl videregående skole;vg 3;Idrettsfag;96,4%;0,0%;0,0%;3,6%;0,0%
2022/23;Thor Heyerdahl videregående skole;vg 3;Idrettsfag;91,9%;1,6%;6,5%;0,0%;0,0%
2017/18;Thor Heyerdahl videregående skole;vg 3;Idrettsfag;90,9%;0,0%;1,5%;6,1%;1,5%
2018/19;Thor Heyerdahl videregående skole;vg 3;Idrettsfag;90,2%;0,0%;8,2%;1,6%;0,0%
2018/19;Thor Heyerdahl videregående skole;vg 1;Medier og kommunikasjon;93,3%;0,0%;0,0%;3,3%;3,3%
2021/22;Thor Heyerdahl videregående skole;vg 1;Medier og kommunikasjon;91,7%;4,2%;0,0%;0,0%;4,2%
2022/23;Thor Heyerdahl videregående skole;vg 1;Medier og kommunikasjon;88,5%;3,8%;0,0%;3,8%;3,8%
2019/20;Thor Heyerdahl videregående skole;vg 1;Medier og kommunikasjon;86,7%;3,3%;0,0%;3,3%;6,7%
2017/18;Thor Heyerdahl videregående skole;vg 1;Medier og kommunikasjon;86,2%;0,0%;6,9%;3,4%;3,4%
2020/21;Thor Heyerdahl videregående skole;vg 1;Medier og kommunikasjon;81,5%;0,0%;0,0%;14,8%;3,7%
2020/21;Thor Heyerdahl videregående skole;vg 2;Medier og kommunikasjon;87,5%;0,0%;0,0%;9,4%;3,1%
2022/23;Thor Heyerdahl videregående skole;vg 2;Medier og kommunikasjon;76,2%;0,0%;4,8%;4,8%;14,3%
2021/22;Thor Heyerdahl videregående skole;vg 2;Medier og kommunikasjon;75,0%;10,7%;7,1%;3,6%;3,6%
2018/19;Thor Heyerdahl videregående skole;vg 2;Medier og kommunikasjon;74,1%;0,0%;18,5%;0,0%;7,4%
2017/18;Thor Heyerdahl videregående skole;vg 2;Medier og kommunikasjon;69,6%;0,0%;21,7%;8,7%;0,0%
2019/20;Thor Heyerdahl videregående skole;vg 2;Medier og kommunikasjon;63,6%;0,0%;3,0%;24,2%;9,1%
2020/21;Thor Heyerdahl videregående skole;vg 3;Medier og kommunikasjon;100,0%;0,0%;0,0%;0,0%;0,0%
2022/23;Thor Heyerdahl videregående skole;vg 3;Medier og kommunikasjon;92,6%;3,7%;3,7%;0,0%;0,0%
2021/22;Thor Heyerdahl videregående skole;vg 3;Medier og kommunikasjon;89,3%;0,0%;0,0%;3,6%;7,1%
2019/20;Thor Heyerdahl videregående skole;vg 3;Medier og kommunikasjon;80,8%;0,0%;0,0%;15,4%;3,8%
2017/18;Thor Heyerdahl videregående skole;vg 3;Medier og kommunikasjon;80,0%;0,0%;0,0%;12,0%;8,0%
2018/19;Thor Heyerdahl videregående skole;vg 3;Medier og kommunikasjon;76,0%;0,0%;12,0%;4,0%;8,0%
2020/21;Thor Heyerdahl videregående skole;vg 1;Musikk, dans og drama;96,9%;0,0%;0,0%;3,1%;0,0%
2019/20;Thor Heyerdahl videregående skole;vg 1;Musikk, dans og drama;96,8%;0,0%;0,0%;0,0%;3,2%
2017/18;Thor Heyerdahl videregående skole;vg 1;Musikk, dans og drama;89,5%;0,0%;10,5%;0,0%;0,0%
2018/19;Thor Heyerdahl videregående skole;vg 1;Musikk, dans og drama;82,8%;0,0%;0,0%;6,9%;10,3%
2021/22;Thor Heyerdahl videregående skole;vg 1;Musikk, dans og drama;81,8%;9,1%;0,0%;4,5%;4,5%
2022/23;Thor Heyerdahl videregående skole;vg 1;Musikk, dans og drama;78,6%;0,0%;7,1%;14,3%;0,0%
2022/23;Thor Heyerdahl videregående skole;vg 2;Musikk, dans og drama;94,1%;0,0%;5,9%;0,0%;0,0%
2020/21;Thor Heyerdahl videregående skole;vg 2;Musikk, dans og drama;90,5%;0,0%;0,0%;9,5%;0,0%
2021/22;Thor Heyerdahl videregående skole;vg 2;Musikk, dans og drama;88,5%;3,8%;3,8%;3,8%;0,0%
2017/18;Thor Heyerdahl videregående skole;vg 2;Musikk, dans og drama;87,1%;0,0%;9,7%;3,2%;0,0%
2018/19;Thor Heyerdahl videregående skole;vg 2;Musikk, dans og drama;83,3%;0,0%;0,0%;11,1%;5,6%
2019/20;Thor Heyerdahl videregående skole;vg 2;Musikk, dans og drama;82,6%;0,0%;4,3%;8,7%;4,3%
2021/22;Thor Heyerdahl videregående skole;vg 3;Musikk, dans og drama;100,0%;0,0%;0,0%;0,0%;0,0%
2022/23;Thor Heyerdahl videregående skole;vg 3;Musikk, dans og drama;91,7%;8,3%;0,0%;0,0%;0,0%
2020/21;Thor Heyerdahl videregående skole;vg 3;Musikk, dans og drama;91,7%;0,0%;0,0%;4,2%;4,2%
2018/19;Thor Heyerdahl videregående skole;vg 3;Musikk, dans og drama;86,2%;0,0%;6,9%;3,4%;3,4%
2017/18;Thor Heyerdahl videregående skole;vg 3;Musikk, dans og drama;80,8%;0,0%;3,8%;11,5%;3,8%
2019/20;Thor Heyerdahl videregående skole;vg 3;Musikk, dans og drama;77,8%;0,0%;11,1%;11,1%;0,0%
2021/22;Thor Heyerdahl videregående skole;vg 3;Påbygging;93,8%;3,1%;0,0%;1,6%;1,6%
2020/21;Thor Heyerdahl videregående skole;vg 3;Påbygging;82,1%;0,0%;2,4%;10,7%;4,8%
2019/20;Thor Heyerdahl videregående skole;vg 3;Påbygging;77,6%;0,0%;0,0%;17,9%;4,5%
2018/19;Thor Heyerdahl videregående skole;vg 3;Påbygging;75,0%;0,0%;6,3%;9,4%;9,4%
2022/23;Thor Heyerdahl videregående skole;vg 3;Påbygging;68,9%;4,9%;9,8%;9,8%;6,6%
2017/18;Thor Heyerdahl videregående skole;vg 3;Påbygging;66,2%;1,5%;16,2%;8,8%;7,4%
2017/18;Thor Heyerdahl videregående skole;vg 1;Restaurant- og matfag;92,3%;0,0%;0,0%;0,0%;7,7%
2021/22;Thor Heyerdahl videregående skole;vg 1;Restaurant- og matfag;89,3%;3,6%;3,6%;0,0%;3,6%
2019/20;Thor Heyerdahl videregående skole;vg 1;Restaurant- og matfag;75,0%;0,0%;0,0%;20,0%;5,0%
2022/23;Thor Heyerdahl videregående skole;vg 1;Restaurant- og matfag;62,5%;0,0%;6,3%;6,3%;25,0%
2020/21;Thor Heyerdahl videregående skole;vg 1;Restaurant- og matfag;59,1%;0,0%;0,0%;31,8%;9,1%
2018/19;Thor Heyerdahl videregående skole;vg 1;Restaurant- og matfag;58,8%;0,0%;11,8%;17,6%;11,8%
2018/19;Thor Heyerdahl videregående skole;vg 2;Restaurant- og matfag;87,5%;0,0%;6,3%;0,0%;6,3%
2022/23;Thor Heyerdahl videregående skole;vg 2;Restaurant- og matfag;85,2%;0,0%;0,0%;7,4%;7,4%
2020/21;Thor Heyerdahl videregående skole;vg 2;Restaurant- og matfag;84,0%;0,0%;0,0%;12,0%;4,0%
2019/20;Thor Heyerdahl videregående skole;vg 2;Restaurant- og matfag;83,3%;0,0%;0,0%;16,7%;0,0%
2021/22;Thor Heyerdahl videregående skole;vg 2;Restaurant- og matfag;72,0%;12,0%;0,0%;12,0%;4,0%
2017/18;Thor Heyerdahl videregående skole;vg 2;Restaurant- og matfag;58,3%;0,0%;0,0%;41,7%;0,0%
2020/21;Thor Heyerdahl videregående skole;vg 1;Salg, service og reiseliv;83,0%;0,0%;0,0%;12,8%;4,3%
2022/23;Thor Heyerdahl videregående skole;vg 1;Salg, service og reiseliv;81,3%;4,2%;0,0%;6,3%;8,3%
2021/22;Thor Heyerdahl videregående skole;vg 1;Salg, service og reiseliv;73,3%;0,0%;0,0%;10,0%;16,7%
2022/23;Thor Heyerdahl videregående skole;vg 2;Salg, service og reiseliv;76,0%;0,0%;4,0%;4,0%;16,0%
2021/22;Thor Heyerdahl videregående skole;vg 2;Salg, service og reiseliv;67,5%;0,0%;10,0%;17,5%;5,0%
2019/20;Thor Heyerdahl videregående skole;vg 1;Service og samferdsel;82,9%;0,0%;8,6%;2,9%;5,7%
2017/18;Thor Heyerdahl videregående skole;vg 1;Service og samferdsel;76,1%;0,0%;4,3%;10,9%;8,7%
2018/19;Thor Heyerdahl videregående skole;vg 1;Service og samferdsel;75,0%;0,0%;2,1%;16,7%;6,3%
2019/20;Thor Heyerdahl videregående skole;vg 2;Service og samferdsel;86,0%;0,0%;2,3%;7,0%;4,7%
2018/19;Thor Heyerdahl videregående skole;vg 2;Service og samferdsel;72,7%;0,0%;6,8%;18,2%;2,3%
2020/21;Thor Heyerdahl videregående skole;vg 2;Service og samferdsel;72,7%;0,0%;3,0%;24,2%;0,0%
2017/18;Thor Heyerdahl videregående skole;vg 2;Service og samferdsel;72,0%;0,0%;0,0%;22,0%;6,0%
2019/20;Thor Heyerdahl videregående skole;vg 1;Studiespesialisering;99,2%;0,8%;0,0%;0,0%;0,0%
2018/19;Thor Heyerdahl videregående skole;vg 1;Studiespesialisering;94,2%;0,0%;1,3%;2,6%;1,9%
2022/23;Thor Heyerdahl videregående skole;vg 1;Studiespesialisering;93,0%;3,2%;0,6%;1,3%;1,9%
2017/18;Thor Heyerdahl videregående skole;vg 1;Studiespesialisering;91,8%;0,5%;1,6%;5,4%;0,5%
2020/21;Thor Heyerdahl videregående skole;vg 1;Studiespesialisering;89,0%;0,8%;0,0%;9,4%;0,8%
2021/22;Thor Heyerdahl videregående skole;vg 1;Studiespesialisering;83,9%;11,8%;0,6%;3,1%;0,6%
2019/20;Thor Heyerdahl videregående skole;vg 2;Studiespesialisering;93,5%;0,0%;0,0%;2,6%;3,9%
2017/18;Thor Heyerdahl videregående skole;vg 2;Studiespesialisering;93,3%;1,1%;1,7%;2,8%;1,1%
2021/22;Thor Heyerdahl videregående skole;vg 2;Studiespesialisering;93,0%;2,3%;3,1%;1,6%;0,0%
2020/21;Thor Heyerdahl videregående skole;vg 2;Studiespesialisering;92,6%;3,7%;0,7%;2,9%;0,0%
2018/19;Thor Heyerdahl videregående skole;vg 2;Studiespesialisering;88,2%;0,0%;4,7%;7,1%;0,0%
2022/23;Thor Heyerdahl videregående skole;vg 2;Studiespesialisering;88,1%;1,9%;5,6%;3,1%;1,3%
2021/22;Thor Heyerdahl videregående skole;vg 3;Studiespesialisering;96,4%;0,7%;0,7%;2,2%;0,0%
2020/21;Thor Heyerdahl videregående skole;vg 3;Studiespesialisering;94,7%;2,6%;0,0%;2,0%;0,7%
2019/20;Thor Heyerdahl videregående skole;vg 3;Studiespesialisering;91,1%;0,0%;1,2%;7,7%;0,0%
2022/23;Thor Heyerdahl videregående skole;vg 3;Studiespesialisering;88,7%;0,0%;4,0%;6,5%;0,8%
2017/18;Thor Heyerdahl videregående skole;vg 3;Studiespesialisering;88,3%;0,0%;2,2%;6,7%;2,8%
2018/19;Thor Heyerdahl videregående skole;vg 3;Studiespesialisering;83,2%;0,0%;6,5%;7,1%;3,3%
2018/19;Thor Heyerdahl videregående skole;vg 1;Teknologi- og industrifag;83,9%;0,0%;0,0%;12,9%;3,2%
2022/23;Thor Heyerdahl videregående skole;vg 1;Teknologi- og industrifag;82,5%;1,6%;0,0%;4,8%;11,1%
2020/21;Thor Heyerdahl videregående skole;vg 1;Teknologi- og industrifag;77,4%;0,0%;3,2%;14,5%;4,8%
2021/22;Thor Heyerdahl videregående skole;vg 1;Teknologi- og industrifag;75,0%;8,3%;1,7%;5,0%;10,0%
2017/18;Thor Heyerdahl videregående skole;vg 1;Teknologi- og industrifag;70,0%;0,0%;0,0%;25,0%;5,0%
2019/20;Thor Heyerdahl videregående skole;vg 1;Teknologi- og industrifag;67,2%;1,6%;0,0%;23,4%;7,8%
2021/22;Thor Heyerdahl videregående skole;vg 2;Teknologi- og industrifag;89,3%;0,0%;8,9%;0,0%;1,8%
2019/20;Thor Heyerdahl videregående skole;vg 2;Teknologi- og industrifag;87,2%;0,0%;0,0%;12,8%;0,0%
2022/23;Thor Heyerdahl videregående skole;vg 2;Teknologi- og industrifag;84,6%;5,8%;3,8%;1,9%;3,8%
2017/18;Thor Heyerdahl videregående skole;vg 2;Teknologi- og industrifag;79,5%;0,0%;0,0%;10,3%;10,3%
2020/21;Thor Heyerdahl videregående skole;vg 2;Teknologi- og industrifag;76,2%;0,0%;2,4%;11,9%;9,5%
2018/19;Thor Heyerdahl videregående skole;vg 2;Teknologi- og industrifag;68,6%;2,9%;2,9%;22,9%;2,9%
