År;Utdanningsprogram;Spoersmaalgruppekode;Spoersmaalkode;SvaralternativKode;Avgiver_Fylkenavn;Spoersmaalgruppe;Spoersmaalnavn;SvaralternativNavn;Antall;Andel
2018-19;Alle utdanningsprogram;LLUIndeks_5;LLUSpoersmaal_Q10705;5;Hele landet;Trygt miljø;Er du blitt mobbet på arbeidsplassen de siste månedene?;Ikke i det hele tatt;11 310;83,8
2018-19;Alle utdanningsprogram;LLUIndeks_5;LLUSpoersmaal_Q10705;5;Vestfold;Trygt miljø;Er du blitt mobbet på arbeidsplassen de siste månedene?;Ikke i det hele tatt;499;82,1
2018-19;Alle utdanningsprogram;LLUIndeks_2;LLUSpoersmaal_Q10695;5;Hele landet;Opplæring i skole som forberedelse til opplæring i arbeidslivet;Undervisningen i yrkesfagene på skolen ga et godt grunnlag for det jeg skulle lære i bedriften;Enig;8 498;63
2018-19;Alle utdanningsprogram;LLUIndeks_2;LLUSpoersmaal_Q10695;5;Vestfold;Opplæring i skole som forberedelse til opplæring i arbeidslivet;Undervisningen i yrkesfagene på skolen ga et godt grunnlag for det jeg skulle lære i bedriften;Enig;382;63,5
2018-19;Bygg- og anleggsteknikk;LLUIndeks_5;LLUSpoersmaal_Q10705;5;Hele landet;Trygt miljø;Er du blitt mobbet på arbeidsplassen de siste månedene?;Ikke i det hele tatt;2 136;81,9
2018-19;Bygg- og anleggsteknikk;LLUIndeks_5;LLUSpoersmaal_Q10705;5;Vestfold;Trygt miljø;Er du blitt mobbet på arbeidsplassen de siste månedene?;Ikke i det hele tatt;105;80,8
2018-19;Bygg- og anleggsteknikk;LLUIndeks_2;LLUSpoersmaal_Q10695;5;Hele landet;Opplæring i skole som forberedelse til opplæring i arbeidslivet;Undervisningen i yrkesfagene på skolen ga et godt grunnlag for det jeg skulle lære i bedriften;Enig;1 394;54
2018-19;Bygg- og anleggsteknikk;LLUIndeks_2;LLUSpoersmaal_Q10695;5;Vestfold;Opplæring i skole som forberedelse til opplæring i arbeidslivet;Undervisningen i yrkesfagene på skolen ga et godt grunnlag for det jeg skulle lære i bedriften;Enig;59;48,4
2018-19;Elektro og datateknologi;LLUIndeks_5;LLUSpoersmaal_Q10705;5;Hele landet;Trygt miljø;Er du blitt mobbet på arbeidsplassen de siste månedene?;Ikke i det hele tatt;2 461;83,3
2018-19;Elektro og datateknologi;LLUIndeks_5;LLUSpoersmaal_Q10705;5;Vestfold;Trygt miljø;Er du blitt mobbet på arbeidsplassen de siste månedene?;Ikke i det hele tatt;59;74,7
2018-19;Elektro og datateknologi;LLUIndeks_2;LLUSpoersmaal_Q10695;5;Hele landet;Opplæring i skole som forberedelse til opplæring i arbeidslivet;Undervisningen i yrkesfagene på skolen ga et godt grunnlag for det jeg skulle lære i bedriften;Enig;1 793;61
2018-19;Elektro og datateknologi;LLUIndeks_2;LLUSpoersmaal_Q10695;5;Vestfold;Opplæring i skole som forberedelse til opplæring i arbeidslivet;Undervisningen i yrkesfagene på skolen ga et godt grunnlag for det jeg skulle lære i bedriften;Enig;46;58,2
2018-19;Helse- og oppvekstfag;LLUIndeks_5;LLUSpoersmaal_Q10705;5;Hele landet;Trygt miljø;Er du blitt mobbet på arbeidsplassen de siste månedene?;Ikke i det hele tatt;2 168;88
2018-19;Helse- og oppvekstfag;LLUIndeks_5;LLUSpoersmaal_Q10705;5;Vestfold;Trygt miljø;Er du blitt mobbet på arbeidsplassen de siste månedene?;Ikke i det hele tatt;90;89,1
2018-19;Helse- og oppvekstfag;LLUIndeks_2;LLUSpoersmaal_Q10695;5;Hele landet;Opplæring i skole som forberedelse til opplæring i arbeidslivet;Undervisningen i yrkesfagene på skolen ga et godt grunnlag for det jeg skulle lære i bedriften;Enig;1 914;78
2018-19;Helse- og oppvekstfag;LLUIndeks_2;LLUSpoersmaal_Q10695;5;Vestfold;Opplæring i skole som forberedelse til opplæring i arbeidslivet;Undervisningen i yrkesfagene på skolen ga et godt grunnlag for det jeg skulle lære i bedriften;Enig;80;78,5
2018-19;Naturbruk;LLUIndeks_5;LLUSpoersmaal_Q10705;5;Hele landet;Trygt miljø;Er du blitt mobbet på arbeidsplassen de siste månedene?;Ikke i det hele tatt;*;*
2018-19;Naturbruk;LLUIndeks_5;LLUSpoersmaal_Q10705;5;Vestfold;Trygt miljø;Er du blitt mobbet på arbeidsplassen de siste månedene?;Ikke i det hele tatt;*;*
2018-19;Naturbruk;LLUIndeks_2;LLUSpoersmaal_Q10695;5;Hele landet;Opplæring i skole som forberedelse til opplæring i arbeidslivet;Undervisningen i yrkesfagene på skolen ga et godt grunnlag for det jeg skulle lære i bedriften;Enig;#VERDI!;#VERDI!
2018-19;Naturbruk;LLUIndeks_2;LLUSpoersmaal_Q10695;5;Vestfold;Opplæring i skole som forberedelse til opplæring i arbeidslivet;Undervisningen i yrkesfagene på skolen ga et godt grunnlag for det jeg skulle lære i bedriften;Enig;#VERDI!;#VERDI!
2018-19;Restaurant- og matfag;LLUIndeks_5;LLUSpoersmaal_Q10705;5;Hele landet;Trygt miljø;Er du blitt mobbet på arbeidsplassen de siste månedene?;Ikke i det hele tatt;464;77,9
2018-19;Restaurant- og matfag;LLUIndeks_5;LLUSpoersmaal_Q10705;5;Vestfold;Trygt miljø;Er du blitt mobbet på arbeidsplassen de siste månedene?;Ikke i det hele tatt;36;75
2018-19;Restaurant- og matfag;LLUIndeks_2;LLUSpoersmaal_Q10695;5;Hele landet;Opplæring i skole som forberedelse til opplæring i arbeidslivet;Undervisningen i yrkesfagene på skolen ga et godt grunnlag for det jeg skulle lære i bedriften;Enig;369;62
2018-19;Restaurant- og matfag;LLUIndeks_2;LLUSpoersmaal_Q10695;5;Vestfold;Opplæring i skole som forberedelse til opplæring i arbeidslivet;Undervisningen i yrkesfagene på skolen ga et godt grunnlag for det jeg skulle lære i bedriften;Enig;30;62,5
2018-19;Teknologi- og industrifag;LLUIndeks_5;LLUSpoersmaal_Q10705;5;Hele landet;Trygt miljø;Er du blitt mobbet på arbeidsplassen de siste månedene?;Ikke i det hele tatt;2 018;82,8
2018-19;Teknologi- og industrifag;LLUIndeks_5;LLUSpoersmaal_Q10705;5;Vestfold;Trygt miljø;Er du blitt mobbet på arbeidsplassen de siste månedene?;Ikke i det hele tatt;88;79,3
2018-19;Teknologi- og industrifag;LLUIndeks_2;LLUSpoersmaal_Q10695;5;Hele landet;Opplæring i skole som forberedelse til opplæring i arbeidslivet;Undervisningen i yrkesfagene på skolen ga et godt grunnlag for det jeg skulle lære i bedriften;Enig;1 534;63
2018-19;Teknologi- og industrifag;LLUIndeks_2;LLUSpoersmaal_Q10695;5;Vestfold;Opplæring i skole som forberedelse til opplæring i arbeidslivet;Undervisningen i yrkesfagene på skolen ga et godt grunnlag for det jeg skulle lære i bedriften;Enig;#VERDI!;#VERDI!
2019-20;Alle utdanningsprogram;LLUIndeks_5;LLUSpoersmaal_Q10705;5;Hele landet;Trygt miljø;Er du blitt mobbet på arbeidsplassen de siste månedene?;Ikke i det hele tatt;11 502;82,7
2019-20;Alle utdanningsprogram;LLUIndeks_5;LLUSpoersmaal_Q10705;5;Vestfold;Trygt miljø;Er du blitt mobbet på arbeidsplassen de siste månedene?;Ikke i det hele tatt;447;82
2019-20;Alle utdanningsprogram;LLUIndeks_2;LLUSpoersmaal_Q10695;5;Hele landet;Opplæring i skole som forberedelse til opplæring i arbeidslivet;Undervisningen i yrkesfagene på skolen ga et godt grunnlag for det jeg skulle lære i bedriften;Enig;8 825;64
2019-20;Alle utdanningsprogram;LLUIndeks_2;LLUSpoersmaal_Q10695;5;Vestfold;Opplæring i skole som forberedelse til opplæring i arbeidslivet;Undervisningen i yrkesfagene på skolen ga et godt grunnlag for det jeg skulle lære i bedriften;Enig;351;65,1
2019-20;Bygg- og anleggsteknikk;LLUIndeks_5;LLUSpoersmaal_Q10705;5;Hele landet;Trygt miljø;Er du blitt mobbet på arbeidsplassen de siste månedene?;Ikke i det hele tatt;2 281;81,3
2019-20;Bygg- og anleggsteknikk;LLUIndeks_5;LLUSpoersmaal_Q10705;5;Vestfold;Trygt miljø;Er du blitt mobbet på arbeidsplassen de siste månedene?;Ikke i det hele tatt;96;84,2
2019-20;Bygg- og anleggsteknikk;LLUIndeks_2;LLUSpoersmaal_Q10695;5;Hele landet;Opplæring i skole som forberedelse til opplæring i arbeidslivet;Undervisningen i yrkesfagene på skolen ga et godt grunnlag for det jeg skulle lære i bedriften;Enig;1 522;55
2019-20;Bygg- og anleggsteknikk;LLUIndeks_2;LLUSpoersmaal_Q10695;5;Vestfold;Opplæring i skole som forberedelse til opplæring i arbeidslivet;Undervisningen i yrkesfagene på skolen ga et godt grunnlag for det jeg skulle lære i bedriften;Enig;61;54,5
2019-20;Elektro og datateknologi;LLUIndeks_5;LLUSpoersmaal_Q10705;5;Hele landet;Trygt miljø;Er du blitt mobbet på arbeidsplassen de siste månedene?;Ikke i det hele tatt;2 633;84,4
2019-20;Elektro og datateknologi;LLUIndeks_5;LLUSpoersmaal_Q10705;5;Vestfold;Trygt miljø;Er du blitt mobbet på arbeidsplassen de siste månedene?;Ikke i det hele tatt;69;81,2
2019-20;Elektro og datateknologi;LLUIndeks_2;LLUSpoersmaal_Q10695;5;Hele landet;Opplæring i skole som forberedelse til opplæring i arbeidslivet;Undervisningen i yrkesfagene på skolen ga et godt grunnlag for det jeg skulle lære i bedriften;Enig;1 966;63
2019-20;Elektro og datateknologi;LLUIndeks_2;LLUSpoersmaal_Q10695;5;Vestfold;Opplæring i skole som forberedelse til opplæring i arbeidslivet;Undervisningen i yrkesfagene på skolen ga et godt grunnlag for det jeg skulle lære i bedriften;Enig;#VERDI!;#VERDI!
2019-20;Helse- og oppvekstfag;LLUIndeks_5;LLUSpoersmaal_Q10705;5;Hele landet;Trygt miljø;Er du blitt mobbet på arbeidsplassen de siste månedene?;Ikke i det hele tatt;2 287;85,7
2019-20;Helse- og oppvekstfag;LLUIndeks_5;LLUSpoersmaal_Q10705;5;Vestfold;Trygt miljø;Er du blitt mobbet på arbeidsplassen de siste månedene?;Ikke i det hele tatt;73;88
2019-20;Helse- og oppvekstfag;LLUIndeks_2;LLUSpoersmaal_Q10695;5;Hele landet;Opplæring i skole som forberedelse til opplæring i arbeidslivet;Undervisningen i yrkesfagene på skolen ga et godt grunnlag for det jeg skulle lære i bedriften;Enig;2 042;77
2019-20;Helse- og oppvekstfag;LLUIndeks_2;LLUSpoersmaal_Q10695;5;Vestfold;Opplæring i skole som forberedelse til opplæring i arbeidslivet;Undervisningen i yrkesfagene på skolen ga et godt grunnlag for det jeg skulle lære i bedriften;Enig;64;77,1
2019-20;Naturbruk;LLUIndeks_5;LLUSpoersmaal_Q10705;5;Hele landet;Trygt miljø;Er du blitt mobbet på arbeidsplassen de siste månedene?;Ikke i det hele tatt;*;*
2019-20;Naturbruk;LLUIndeks_5;LLUSpoersmaal_Q10705;5;Vestfold;Trygt miljø;Er du blitt mobbet på arbeidsplassen de siste månedene?;Ikke i det hele tatt;*;*
2019-20;Naturbruk;LLUIndeks_2;LLUSpoersmaal_Q10695;5;Hele landet;Opplæring i skole som forberedelse til opplæring i arbeidslivet;Undervisningen i yrkesfagene på skolen ga et godt grunnlag for det jeg skulle lære i bedriften;Enig;#VERDI!;#VERDI!
2019-20;Naturbruk;LLUIndeks_2;LLUSpoersmaal_Q10695;5;Vestfold;Opplæring i skole som forberedelse til opplæring i arbeidslivet;Undervisningen i yrkesfagene på skolen ga et godt grunnlag for det jeg skulle lære i bedriften;Enig;#VERDI!;#VERDI!
2019-20;Restaurant- og matfag;LLUIndeks_5;LLUSpoersmaal_Q10705;5;Hele landet;Trygt miljø;Er du blitt mobbet på arbeidsplassen de siste månedene?;Ikke i det hele tatt;446;74
2019-20;Restaurant- og matfag;LLUIndeks_5;LLUSpoersmaal_Q10705;5;Vestfold;Trygt miljø;Er du blitt mobbet på arbeidsplassen de siste månedene?;Ikke i det hele tatt;*;*
2019-20;Restaurant- og matfag;LLUIndeks_2;LLUSpoersmaal_Q10695;5;Hele landet;Opplæring i skole som forberedelse til opplæring i arbeidslivet;Undervisningen i yrkesfagene på skolen ga et godt grunnlag for det jeg skulle lære i bedriften;Enig;362;61
2019-20;Restaurant- og matfag;LLUIndeks_2;LLUSpoersmaal_Q10695;5;Vestfold;Opplæring i skole som forberedelse til opplæring i arbeidslivet;Undervisningen i yrkesfagene på skolen ga et godt grunnlag for det jeg skulle lære i bedriften;Enig;22;68,8
2019-20;Teknologi- og industrifag;LLUIndeks_5;LLUSpoersmaal_Q10705;5;Hele landet;Trygt miljø;Er du blitt mobbet på arbeidsplassen de siste månedene?;Ikke i det hele tatt;1 814;80,2
2019-20;Teknologi- og industrifag;LLUIndeks_5;LLUSpoersmaal_Q10705;5;Vestfold;Trygt miljø;Er du blitt mobbet på arbeidsplassen de siste månedene?;Ikke i det hele tatt;77;72,6
2019-20;Teknologi- og industrifag;LLUIndeks_2;LLUSpoersmaal_Q10695;5;Hele landet;Opplæring i skole som forberedelse til opplæring i arbeidslivet;Undervisningen i yrkesfagene på skolen ga et godt grunnlag for det jeg skulle lære i bedriften;Enig;1 438;64
2019-20;Teknologi- og industrifag;LLUIndeks_2;LLUSpoersmaal_Q10695;5;Vestfold;Opplæring i skole som forberedelse til opplæring i arbeidslivet;Undervisningen i yrkesfagene på skolen ga et godt grunnlag for det jeg skulle lære i bedriften;Enig;61;58,7
2020-21;Alle utdanningsprogram;LLUIndeks_5;LLUSpoersmaal_Q10705;5;Hele landet;Trygt miljø;Er du blitt mobbet på arbeidsplassen de siste månedene?;Ikke i det hele tatt;12 530;85,1
2020-21;Alle utdanningsprogram;LLUIndeks_5;LLUSpoersmaal_Q10705;5;Vestfold;Trygt miljø;Er du blitt mobbet på arbeidsplassen de siste månedene?;Ikke i det hele tatt;839;84,7
2020-21;Alle utdanningsprogram;LLUIndeks_2;LLUSpoersmaal_Q10695;5;Hele landet;Opplæring i skole som forberedelse til opplæring i arbeidslivet;Undervisningen i yrkesfagene på skolen ga et godt grunnlag for det jeg skulle lære i bedriften;Enig;8 715;60
2020-21;Alle utdanningsprogram;LLUIndeks_2;LLUSpoersmaal_Q10695;5;Vestfold;Opplæring i skole som forberedelse til opplæring i arbeidslivet;Undervisningen i yrkesfagene på skolen ga et godt grunnlag for det jeg skulle lære i bedriften;Enig;556;57
2020-21;Bygg- og anleggsteknikk;LLUIndeks_5;LLUSpoersmaal_Q10705;5;Hele landet;Trygt miljø;Er du blitt mobbet på arbeidsplassen de siste månedene?;Ikke i det hele tatt;2 612;84,7
2020-21;Bygg- og anleggsteknikk;LLUIndeks_5;LLUSpoersmaal_Q10705;5;Vestfold;Trygt miljø;Er du blitt mobbet på arbeidsplassen de siste månedene?;Ikke i det hele tatt;179;85,6
2020-21;Bygg- og anleggsteknikk;LLUIndeks_2;LLUSpoersmaal_Q10695;5;Hele landet;Opplæring i skole som forberedelse til opplæring i arbeidslivet;Undervisningen i yrkesfagene på skolen ga et godt grunnlag for det jeg skulle lære i bedriften;Enig;1 434;47
2020-21;Bygg- og anleggsteknikk;LLUIndeks_2;LLUSpoersmaal_Q10695;5;Vestfold;Opplæring i skole som forberedelse til opplæring i arbeidslivet;Undervisningen i yrkesfagene på skolen ga et godt grunnlag for det jeg skulle lære i bedriften;Enig;88;43,4
2020-21;Elektro og datateknologi;LLUIndeks_5;LLUSpoersmaal_Q10705;5;Hele landet;Trygt miljø;Er du blitt mobbet på arbeidsplassen de siste månedene?;Ikke i det hele tatt;2 907;87,4
2020-21;Elektro og datateknologi;LLUIndeks_5;LLUSpoersmaal_Q10705;5;Vestfold;Trygt miljø;Er du blitt mobbet på arbeidsplassen de siste månedene?;Ikke i det hele tatt;164;86,3
2020-21;Elektro og datateknologi;LLUIndeks_2;LLUSpoersmaal_Q10695;5;Hele landet;Opplæring i skole som forberedelse til opplæring i arbeidslivet;Undervisningen i yrkesfagene på skolen ga et godt grunnlag for det jeg skulle lære i bedriften;Enig;1 965;59
2020-21;Elektro og datateknologi;LLUIndeks_2;LLUSpoersmaal_Q10695;5;Vestfold;Opplæring i skole som forberedelse til opplæring i arbeidslivet;Undervisningen i yrkesfagene på skolen ga et godt grunnlag for det jeg skulle lære i bedriften;Enig;121;64,3
2020-21;Helse- og oppvekstfag;LLUIndeks_5;LLUSpoersmaal_Q10705;5;Hele landet;Trygt miljø;Er du blitt mobbet på arbeidsplassen de siste månedene?;Ikke i det hele tatt;2 168;86,1
2020-21;Helse- og oppvekstfag;LLUIndeks_5;LLUSpoersmaal_Q10705;5;Vestfold;Trygt miljø;Er du blitt mobbet på arbeidsplassen de siste månedene?;Ikke i det hele tatt;134;87
2020-21;Helse- og oppvekstfag;LLUIndeks_2;LLUSpoersmaal_Q10695;5;Hele landet;Opplæring i skole som forberedelse til opplæring i arbeidslivet;Undervisningen i yrkesfagene på skolen ga et godt grunnlag for det jeg skulle lære i bedriften;Enig;1 942;78
2020-21;Helse- og oppvekstfag;LLUIndeks_2;LLUSpoersmaal_Q10695;5;Vestfold;Opplæring i skole som forberedelse til opplæring i arbeidslivet;Undervisningen i yrkesfagene på skolen ga et godt grunnlag for det jeg skulle lære i bedriften;Enig;117;77,5
2020-21;Naturbruk;LLUIndeks_5;LLUSpoersmaal_Q10705;5;Hele landet;Trygt miljø;Er du blitt mobbet på arbeidsplassen de siste månedene?;Ikke i det hele tatt;*;*
2020-21;Naturbruk;LLUIndeks_5;LLUSpoersmaal_Q10705;5;Vestfold;Trygt miljø;Er du blitt mobbet på arbeidsplassen de siste månedene?;Ikke i det hele tatt;*;*
2020-21;Naturbruk;LLUIndeks_2;LLUSpoersmaal_Q10695;5;Hele landet;Opplæring i skole som forberedelse til opplæring i arbeidslivet;Undervisningen i yrkesfagene på skolen ga et godt grunnlag for det jeg skulle lære i bedriften;Enig;#VERDI!;#VERDI!
2020-21;Naturbruk;LLUIndeks_2;LLUSpoersmaal_Q10695;5;Vestfold;Opplæring i skole som forberedelse til opplæring i arbeidslivet;Undervisningen i yrkesfagene på skolen ga et godt grunnlag for det jeg skulle lære i bedriften;Enig;#VERDI!;#VERDI!
2020-21;Restaurant- og matfag;LLUIndeks_5;LLUSpoersmaal_Q10705;5;Hele landet;Trygt miljø;Er du blitt mobbet på arbeidsplassen de siste månedene?;Ikke i det hele tatt;465;80,6
2020-21;Restaurant- og matfag;LLUIndeks_5;LLUSpoersmaal_Q10705;5;Vestfold;Trygt miljø;Er du blitt mobbet på arbeidsplassen de siste månedene?;Ikke i det hele tatt;47;82,5
2020-21;Restaurant- og matfag;LLUIndeks_2;LLUSpoersmaal_Q10695;5;Hele landet;Opplæring i skole som forberedelse til opplæring i arbeidslivet;Undervisningen i yrkesfagene på skolen ga et godt grunnlag for det jeg skulle lære i bedriften;Enig;336;58
2020-21;Restaurant- og matfag;LLUIndeks_2;LLUSpoersmaal_Q10695;5;Vestfold;Opplæring i skole som forberedelse til opplæring i arbeidslivet;Undervisningen i yrkesfagene på skolen ga et godt grunnlag for det jeg skulle lære i bedriften;Enig;#VERDI!;#VERDI!
2020-21;Teknologi- og industrifag;LLUIndeks_5;LLUSpoersmaal_Q10705;5;Hele landet;Trygt miljø;Er du blitt mobbet på arbeidsplassen de siste månedene?;Ikke i det hele tatt;2 112;81,9
2020-21;Teknologi- og industrifag;LLUIndeks_5;LLUSpoersmaal_Q10705;5;Vestfold;Trygt miljø;Er du blitt mobbet på arbeidsplassen de siste månedene?;Ikke i det hele tatt;161;83
2020-21;Teknologi- og industrifag;LLUIndeks_2;LLUSpoersmaal_Q10695;5;Hele landet;Opplæring i skole som forberedelse til opplæring i arbeidslivet;Undervisningen i yrkesfagene på skolen ga et godt grunnlag for det jeg skulle lære i bedriften;Enig;1 527;59
2020-21;Teknologi- og industrifag;LLUIndeks_2;LLUSpoersmaal_Q10695;5;Vestfold;Opplæring i skole som forberedelse til opplæring i arbeidslivet;Undervisningen i yrkesfagene på skolen ga et godt grunnlag for det jeg skulle lære i bedriften;Enig;104;53,6
2021-22;Alle utdanningsprogram;LLUIndeks_5;LLUSpoersmaal_Q10705;5;Hele landet;Trygt miljø;Er du blitt mobbet på arbeidsplassen de siste månedene?;Ikke i det hele tatt;11 621;85
2021-22;Alle utdanningsprogram;LLUIndeks_5;LLUSpoersmaal_Q10705;5;Vestfold;Trygt miljø;Er du blitt mobbet på arbeidsplassen de siste månedene?;Ikke i det hele tatt;889;84,1
2021-22;Alle utdanningsprogram;LLUIndeks_2;LLUSpoersmaal_Q10695;5;Hele landet;Opplæring i skole som forberedelse til opplæring i arbeidslivet;Undervisningen i yrkesfagene på skolen ga et godt grunnlag for det jeg skulle lære i bedriften;Enig;7 711;57
2021-22;Alle utdanningsprogram;LLUIndeks_2;LLUSpoersmaal_Q10695;5;Vestfold;Opplæring i skole som forberedelse til opplæring i arbeidslivet;Undervisningen i yrkesfagene på skolen ga et godt grunnlag for det jeg skulle lære i bedriften;Enig;559;53,7
2021-22;Bygg- og anleggsteknikk;LLUIndeks_5;LLUSpoersmaal_Q10705;5;Hele landet;Trygt miljø;Er du blitt mobbet på arbeidsplassen de siste månedene?;Ikke i det hele tatt;2 543;85,6
2021-22;Bygg- og anleggsteknikk;LLUIndeks_5;LLUSpoersmaal_Q10705;5;Vestfold;Trygt miljø;Er du blitt mobbet på arbeidsplassen de siste månedene?;Ikke i det hele tatt;221;86,3
2021-22;Bygg- og anleggsteknikk;LLUIndeks_2;LLUSpoersmaal_Q10695;5;Hele landet;Opplæring i skole som forberedelse til opplæring i arbeidslivet;Undervisningen i yrkesfagene på skolen ga et godt grunnlag for det jeg skulle lære i bedriften;Enig;1 339;46
2021-22;Bygg- og anleggsteknikk;LLUIndeks_2;LLUSpoersmaal_Q10695;5;Vestfold;Opplæring i skole som forberedelse til opplæring i arbeidslivet;Undervisningen i yrkesfagene på skolen ga et godt grunnlag for det jeg skulle lære i bedriften;Enig;106;43,3
2021-22;Elektro og datateknologi;LLUIndeks_5;LLUSpoersmaal_Q10705;5;Hele landet;Trygt miljø;Er du blitt mobbet på arbeidsplassen de siste månedene?;Ikke i det hele tatt;2 670;87,4
2021-22;Elektro og datateknologi;LLUIndeks_5;LLUSpoersmaal_Q10705;5;Vestfold;Trygt miljø;Er du blitt mobbet på arbeidsplassen de siste månedene?;Ikke i det hele tatt;167;86,5
2021-22;Elektro og datateknologi;LLUIndeks_2;LLUSpoersmaal_Q10695;5;Hele landet;Opplæring i skole som forberedelse til opplæring i arbeidslivet;Undervisningen i yrkesfagene på skolen ga et godt grunnlag for det jeg skulle lære i bedriften;Enig;1 714;56
2021-22;Elektro og datateknologi;LLUIndeks_2;LLUSpoersmaal_Q10695;5;Vestfold;Opplæring i skole som forberedelse til opplæring i arbeidslivet;Undervisningen i yrkesfagene på skolen ga et godt grunnlag for det jeg skulle lære i bedriften;Enig;96;50
2021-22;Helse- og oppvekstfag;LLUIndeks_5;LLUSpoersmaal_Q10705;5;Hele landet;Trygt miljø;Er du blitt mobbet på arbeidsplassen de siste månedene?;Ikke i det hele tatt;2 007;85,2
2021-22;Helse- og oppvekstfag;LLUIndeks_5;LLUSpoersmaal_Q10705;5;Vestfold;Trygt miljø;Er du blitt mobbet på arbeidsplassen de siste månedene?;Ikke i det hele tatt;127;86,4
2021-22;Helse- og oppvekstfag;LLUIndeks_2;LLUSpoersmaal_Q10695;5;Hele landet;Opplæring i skole som forberedelse til opplæring i arbeidslivet;Undervisningen i yrkesfagene på skolen ga et godt grunnlag for det jeg skulle lære i bedriften;Enig;1 754;75
2021-22;Helse- og oppvekstfag;LLUIndeks_2;LLUSpoersmaal_Q10695;5;Vestfold;Opplæring i skole som forberedelse til opplæring i arbeidslivet;Undervisningen i yrkesfagene på skolen ga et godt grunnlag for det jeg skulle lære i bedriften;Enig;112;75,7
2021-22;Naturbruk;LLUIndeks_5;LLUSpoersmaal_Q10705;5;Hele landet;Trygt miljø;Er du blitt mobbet på arbeidsplassen de siste månedene?;Ikke i det hele tatt;366;82,8
2021-22;Naturbruk;LLUIndeks_5;LLUSpoersmaal_Q10705;5;Vestfold;Trygt miljø;Er du blitt mobbet på arbeidsplassen de siste månedene?;Ikke i det hele tatt;*;*
2021-22;Naturbruk;LLUIndeks_2;LLUSpoersmaal_Q10695;5;Hele landet;Opplæring i skole som forberedelse til opplæring i arbeidslivet;Undervisningen i yrkesfagene på skolen ga et godt grunnlag for det jeg skulle lære i bedriften;Enig;#VERDI!;#VERDI!
2021-22;Naturbruk;LLUIndeks_2;LLUSpoersmaal_Q10695;5;Vestfold;Opplæring i skole som forberedelse til opplæring i arbeidslivet;Undervisningen i yrkesfagene på skolen ga et godt grunnlag for det jeg skulle lære i bedriften;Enig;#VERDI!;#VERDI!
2021-22;Restaurant- og matfag;LLUIndeks_5;LLUSpoersmaal_Q10705;5;Hele landet;Trygt miljø;Er du blitt mobbet på arbeidsplassen de siste månedene?;Ikke i det hele tatt;431;75
2021-22;Restaurant- og matfag;LLUIndeks_5;LLUSpoersmaal_Q10705;5;Vestfold;Trygt miljø;Er du blitt mobbet på arbeidsplassen de siste månedene?;Ikke i det hele tatt;38;73,1
2021-22;Restaurant- og matfag;LLUIndeks_2;LLUSpoersmaal_Q10695;5;Hele landet;Opplæring i skole som forberedelse til opplæring i arbeidslivet;Undervisningen i yrkesfagene på skolen ga et godt grunnlag for det jeg skulle lære i bedriften;Enig;312;55
2021-22;Restaurant- og matfag;LLUIndeks_2;LLUSpoersmaal_Q10695;5;Vestfold;Opplæring i skole som forberedelse til opplæring i arbeidslivet;Undervisningen i yrkesfagene på skolen ga et godt grunnlag for det jeg skulle lære i bedriften;Enig;28;52,8
2021-22;Salg, service og reiseliv;LLUIndeks_5;LLUSpoersmaal_Q10705;5;Hele landet;Trygt miljø;Er du blitt mobbet på arbeidsplassen de siste månedene?;Ikke i det hele tatt;*;*
2021-22;Salg, service og reiseliv;LLUIndeks_5;LLUSpoersmaal_Q10705;5;Vestfold;Trygt miljø;Er du blitt mobbet på arbeidsplassen de siste månedene?;Ikke i det hele tatt;;
2021-22;Salg, service og reiseliv;LLUIndeks_2;LLUSpoersmaal_Q10695;5;Hele landet;Opplæring i skole som forberedelse til opplæring i arbeidslivet;Undervisningen i yrkesfagene på skolen ga et godt grunnlag for det jeg skulle lære i bedriften;Enig;#VERDI!;#VERDI!
2021-22;Salg, service og reiseliv;LLUIndeks_2;LLUSpoersmaal_Q10695;5;Vestfold;Opplæring i skole som forberedelse til opplæring i arbeidslivet;Undervisningen i yrkesfagene på skolen ga et godt grunnlag for det jeg skulle lære i bedriften;Enig;0;0
2021-22;Teknologi- og industrifag;LLUIndeks_5;LLUSpoersmaal_Q10705;5;Hele landet;Trygt miljø;Er du blitt mobbet på arbeidsplassen de siste månedene?;Ikke i det hele tatt;1 893;82,7
2021-22;Teknologi- og industrifag;LLUIndeks_5;LLUSpoersmaal_Q10705;5;Vestfold;Trygt miljø;Er du blitt mobbet på arbeidsplassen de siste månedene?;Ikke i det hele tatt;167;79,1
2021-22;Teknologi- og industrifag;LLUIndeks_2;LLUSpoersmaal_Q10695;5;Hele landet;Opplæring i skole som forberedelse til opplæring i arbeidslivet;Undervisningen i yrkesfagene på skolen ga et godt grunnlag for det jeg skulle lære i bedriften;Enig;1 269;56
2021-22;Teknologi- og industrifag;LLUIndeks_2;LLUSpoersmaal_Q10695;5;Vestfold;Opplæring i skole som forberedelse til opplæring i arbeidslivet;Undervisningen i yrkesfagene på skolen ga et godt grunnlag for det jeg skulle lære i bedriften;Enig;119;57,3
2022-23;Alle utdanningsprogram;LLUIndeks_5;LLUSpoersmaal_Q10705;5;Hele landet;Trygt miljø;Er du blitt mobbet på arbeidsplassen de siste månedene?;Ikke i det hele tatt;12 106;86,1
2022-23;Alle utdanningsprogram;LLUIndeks_5;LLUSpoersmaal_Q10705;5;Vestfold;Trygt miljø;Er du blitt mobbet på arbeidsplassen de siste månedene?;Ikke i det hele tatt;1 087;86,9
2022-23;Alle utdanningsprogram;LLUIndeks_2;LLUSpoersmaal_Q10695;5;Hele landet;Opplæring i skole som forberedelse til opplæring i arbeidslivet;Undervisningen i yrkesfagene på skolen ga et godt grunnlag for det jeg skulle lære i bedriften;Enig;7 860;57
2022-23;Alle utdanningsprogram;LLUIndeks_2;LLUSpoersmaal_Q10695;5;Vestfold;Opplæring i skole som forberedelse til opplæring i arbeidslivet;Undervisningen i yrkesfagene på skolen ga et godt grunnlag for det jeg skulle lære i bedriften;Enig;671;54,6
2022-23;Bygg- og anleggsteknikk;LLUIndeks_5;LLUSpoersmaal_Q10705;5;Hele landet;Trygt miljø;Er du blitt mobbet på arbeidsplassen de siste månedene?;Ikke i det hele tatt;2 611;85,7
2022-23;Bygg- og anleggsteknikk;LLUIndeks_5;LLUSpoersmaal_Q10705;5;Vestfold;Trygt miljø;Er du blitt mobbet på arbeidsplassen de siste månedene?;Ikke i det hele tatt;264;89,5
2022-23;Bygg- og anleggsteknikk;LLUIndeks_2;LLUSpoersmaal_Q10695;5;Hele landet;Opplæring i skole som forberedelse til opplæring i arbeidslivet;Undervisningen i yrkesfagene på skolen ga et godt grunnlag for det jeg skulle lære i bedriften;Enig;1 376;46
2022-23;Bygg- og anleggsteknikk;LLUIndeks_2;LLUSpoersmaal_Q10695;5;Vestfold;Opplæring i skole som forberedelse til opplæring i arbeidslivet;Undervisningen i yrkesfagene på skolen ga et godt grunnlag for det jeg skulle lære i bedriften;Enig;121;42,6
2022-23;Elektro og datateknologi;LLUIndeks_5;LLUSpoersmaal_Q10705;5;Hele landet;Trygt miljø;Er du blitt mobbet på arbeidsplassen de siste månedene?;Ikke i det hele tatt;2 749;87,7
2022-23;Elektro og datateknologi;LLUIndeks_5;LLUSpoersmaal_Q10705;5;Vestfold;Trygt miljø;Er du blitt mobbet på arbeidsplassen de siste månedene?;Ikke i det hele tatt;184;82,9
2022-23;Elektro og datateknologi;LLUIndeks_2;LLUSpoersmaal_Q10695;5;Hele landet;Opplæring i skole som forberedelse til opplæring i arbeidslivet;Undervisningen i yrkesfagene på skolen ga et godt grunnlag for det jeg skulle lære i bedriften;Enig;1 722;55
2022-23;Elektro og datateknologi;LLUIndeks_2;LLUSpoersmaal_Q10695;5;Vestfold;Opplæring i skole som forberedelse til opplæring i arbeidslivet;Undervisningen i yrkesfagene på skolen ga et godt grunnlag for det jeg skulle lære i bedriften;Enig;116;52,8
2022-23;Frisør, blomster, interiør og eksponeringsdesign;LLUIndeks_5;LLUSpoersmaal_Q10705;5;Hele landet;Trygt miljø;Er du blitt mobbet på arbeidsplassen de siste månedene?;Ikke i det hele tatt;*;*
2022-23;Frisør, blomster, interiør og eksponeringsdesign;LLUIndeks_5;LLUSpoersmaal_Q10705;5;Vestfold;Trygt miljø;Er du blitt mobbet på arbeidsplassen de siste månedene?;Ikke i det hele tatt;*;*
2022-23;Frisør, blomster, interiør og eksponeringsdesign;LLUIndeks_2;LLUSpoersmaal_Q10695;5;Hele landet;Opplæring i skole som forberedelse til opplæring i arbeidslivet;Undervisningen i yrkesfagene på skolen ga et godt grunnlag for det jeg skulle lære i bedriften;Enig;#VERDI!;#VERDI!
2022-23;Frisør, blomster, interiør og eksponeringsdesign;LLUIndeks_2;LLUSpoersmaal_Q10695;5;Vestfold;Opplæring i skole som forberedelse til opplæring i arbeidslivet;Undervisningen i yrkesfagene på skolen ga et godt grunnlag for det jeg skulle lære i bedriften;Enig;0;#VERDI!
2022-23;Helse- og oppvekstfag;LLUIndeks_5;LLUSpoersmaal_Q10705;5;Hele landet;Trygt miljø;Er du blitt mobbet på arbeidsplassen de siste månedene?;Ikke i det hele tatt;2 073;86,6
2022-23;Helse- og oppvekstfag;LLUIndeks_5;LLUSpoersmaal_Q10705;5;Vestfold;Trygt miljø;Er du blitt mobbet på arbeidsplassen de siste månedene?;Ikke i det hele tatt;184;90,2
2022-23;Helse- og oppvekstfag;LLUIndeks_2;LLUSpoersmaal_Q10695;5;Hele landet;Opplæring i skole som forberedelse til opplæring i arbeidslivet;Undervisningen i yrkesfagene på skolen ga et godt grunnlag for det jeg skulle lære i bedriften;Enig;1 695;71
2022-23;Helse- og oppvekstfag;LLUIndeks_2;LLUSpoersmaal_Q10695;5;Vestfold;Opplæring i skole som forberedelse til opplæring i arbeidslivet;Undervisningen i yrkesfagene på skolen ga et godt grunnlag for det jeg skulle lære i bedriften;Enig;141;69,8
2022-23;Informasjonsteknologi og medieproduksjon;LLUIndeks_5;LLUSpoersmaal_Q10705;5;Hele landet;Trygt miljø;Er du blitt mobbet på arbeidsplassen de siste månedene?;Ikke i det hele tatt;*;*
2022-23;Informasjonsteknologi og medieproduksjon;LLUIndeks_5;LLUSpoersmaal_Q10705;5;Vestfold;Trygt miljø;Er du blitt mobbet på arbeidsplassen de siste månedene?;Ikke i det hele tatt;*;*
2022-23;Informasjonsteknologi og medieproduksjon;LLUIndeks_2;LLUSpoersmaal_Q10695;5;Hele landet;Opplæring i skole som forberedelse til opplæring i arbeidslivet;Undervisningen i yrkesfagene på skolen ga et godt grunnlag for det jeg skulle lære i bedriften;Enig;#VERDI!;#VERDI!
2022-23;Informasjonsteknologi og medieproduksjon;LLUIndeks_2;LLUSpoersmaal_Q10695;5;Vestfold;Opplæring i skole som forberedelse til opplæring i arbeidslivet;Undervisningen i yrkesfagene på skolen ga et godt grunnlag for det jeg skulle lære i bedriften;Enig;#VERDI!;#VERDI!
2022-23;Naturbruk;LLUIndeks_5;LLUSpoersmaal_Q10705;5;Hele landet;Trygt miljø;Er du blitt mobbet på arbeidsplassen de siste månedene?;Ikke i det hele tatt;432;86,4
2022-23;Naturbruk;LLUIndeks_5;LLUSpoersmaal_Q10705;5;Vestfold;Trygt miljø;Er du blitt mobbet på arbeidsplassen de siste månedene?;Ikke i det hele tatt;25;*
2022-23;Naturbruk;LLUIndeks_2;LLUSpoersmaal_Q10695;5;Hele landet;Opplæring i skole som forberedelse til opplæring i arbeidslivet;Undervisningen i yrkesfagene på skolen ga et godt grunnlag for det jeg skulle lære i bedriften;Enig;269;54
2022-23;Naturbruk;LLUIndeks_2;LLUSpoersmaal_Q10695;5;Vestfold;Opplæring i skole som forberedelse til opplæring i arbeidslivet;Undervisningen i yrkesfagene på skolen ga et godt grunnlag for det jeg skulle lære i bedriften;Enig;#VERDI!;#VERDI!
2022-23;Restaurant- og matfag;LLUIndeks_5;LLUSpoersmaal_Q10705;5;Hele landet;Trygt miljø;Er du blitt mobbet på arbeidsplassen de siste månedene?;Ikke i det hele tatt;471;80,5
2022-23;Restaurant- og matfag;LLUIndeks_5;LLUSpoersmaal_Q10705;5;Vestfold;Trygt miljø;Er du blitt mobbet på arbeidsplassen de siste månedene?;Ikke i det hele tatt;58;81,7
2022-23;Restaurant- og matfag;LLUIndeks_2;LLUSpoersmaal_Q10695;5;Hele landet;Opplæring i skole som forberedelse til opplæring i arbeidslivet;Undervisningen i yrkesfagene på skolen ga et godt grunnlag for det jeg skulle lære i bedriften;Enig;357;62
2022-23;Restaurant- og matfag;LLUIndeks_2;LLUSpoersmaal_Q10695;5;Vestfold;Opplæring i skole som forberedelse til opplæring i arbeidslivet;Undervisningen i yrkesfagene på skolen ga et godt grunnlag for det jeg skulle lære i bedriften;Enig;42;60
2022-23;Salg, service og reiseliv;LLUIndeks_5;LLUSpoersmaal_Q10705;5;Hele landet;Trygt miljø;Er du blitt mobbet på arbeidsplassen de siste månedene?;Ikke i det hele tatt;22;*
2022-23;Salg, service og reiseliv;LLUIndeks_5;LLUSpoersmaal_Q10705;5;Vestfold;Trygt miljø;Er du blitt mobbet på arbeidsplassen de siste månedene?;Ikke i det hele tatt;;
2022-23;Salg, service og reiseliv;LLUIndeks_2;LLUSpoersmaal_Q10695;5;Hele landet;Opplæring i skole som forberedelse til opplæring i arbeidslivet;Undervisningen i yrkesfagene på skolen ga et godt grunnlag for det jeg skulle lære i bedriften;Enig;#VERDI!;#VERDI!
2022-23;Salg, service og reiseliv;LLUIndeks_2;LLUSpoersmaal_Q10695;5;Vestfold;Opplæring i skole som forberedelse til opplæring i arbeidslivet;Undervisningen i yrkesfagene på skolen ga et godt grunnlag for det jeg skulle lære i bedriften;Enig;0;0
2022-23;Teknologi- og industrifag;LLUIndeks_5;LLUSpoersmaal_Q10705;5;Hele landet;Trygt miljø;Er du blitt mobbet på arbeidsplassen de siste månedene?;Ikke i det hele tatt;2 000;84,1
2022-23;Teknologi- og industrifag;LLUIndeks_5;LLUSpoersmaal_Q10705;5;Vestfold;Trygt miljø;Er du blitt mobbet på arbeidsplassen de siste månedene?;Ikke i det hele tatt;*;*
2022-23;Teknologi- og industrifag;LLUIndeks_2;LLUSpoersmaal_Q10695;5;Hele landet;Opplæring i skole som forberedelse til opplæring i arbeidslivet;Undervisningen i yrkesfagene på skolen ga et godt grunnlag for det jeg skulle lære i bedriften;Enig;1 339;57
2022-23;Teknologi- og industrifag;LLUIndeks_2;LLUSpoersmaal_Q10695;5;Vestfold;Opplæring i skole som forberedelse til opplæring i arbeidslivet;Undervisningen i yrkesfagene på skolen ga et godt grunnlag for det jeg skulle lære i bedriften;Enig;127;56,5
2023-24;Alle utdanningsprogram;LLUIndeks_5;LLUSpoersmaal_Q10705;5;Hele landet;Trygt miljø;Er du blitt mobbet på arbeidsplassen de siste månedene?;Ikke i det hele tatt;11 413;85,4
2023-24;Alle utdanningsprogram;LLUIndeks_5;LLUSpoersmaal_Q10705;5;Vestfold;Trygt miljø;Er du blitt mobbet på arbeidsplassen de siste månedene?;Ikke i det hele tatt;514;82,5
2023-24;Alle utdanningsprogram;LLUIndeks_2;LLUSpoersmaal_Q10695;5;Hele landet;Opplæring i skole som forberedelse til opplæring i arbeidslivet;Undervisningen i yrkesfagene på skolen ga et godt grunnlag for det jeg skulle lære i bedriften;Enig;7 409;56
2023-24;Alle utdanningsprogram;LLUIndeks_2;LLUSpoersmaal_Q10695;5;Vestfold;Opplæring i skole som forberedelse til opplæring i arbeidslivet;Undervisningen i yrkesfagene på skolen ga et godt grunnlag for det jeg skulle lære i bedriften;Enig;299;48,7
2023-24;Bygg- og anleggsteknikk;LLUIndeks_5;LLUSpoersmaal_Q10705;5;Hele landet;Trygt miljø;Er du blitt mobbet på arbeidsplassen de siste månedene?;Ikke i det hele tatt;2 502;84,3
2023-24;Bygg- og anleggsteknikk;LLUIndeks_5;LLUSpoersmaal_Q10705;5;Vestfold;Trygt miljø;Er du blitt mobbet på arbeidsplassen de siste månedene?;Ikke i det hele tatt;118;80,3
2023-24;Bygg- og anleggsteknikk;LLUIndeks_2;LLUSpoersmaal_Q10695;5;Hele landet;Opplæring i skole som forberedelse til opplæring i arbeidslivet;Undervisningen i yrkesfagene på skolen ga et godt grunnlag for det jeg skulle lære i bedriften;Enig;1 328;46
2023-24;Bygg- og anleggsteknikk;LLUIndeks_2;LLUSpoersmaal_Q10695;5;Vestfold;Opplæring i skole som forberedelse til opplæring i arbeidslivet;Undervisningen i yrkesfagene på skolen ga et godt grunnlag for det jeg skulle lære i bedriften;Enig;#VERDI!;#VERDI!
2023-24;Elektro og datateknologi;LLUIndeks_5;LLUSpoersmaal_Q10705;5;Hele landet;Trygt miljø;Er du blitt mobbet på arbeidsplassen de siste månedene?;Ikke i det hele tatt;2 729;87,1
2023-24;Elektro og datateknologi;LLUIndeks_5;LLUSpoersmaal_Q10705;5;Vestfold;Trygt miljø;Er du blitt mobbet på arbeidsplassen de siste månedene?;Ikke i det hele tatt;71;85,5
2023-24;Elektro og datateknologi;LLUIndeks_2;LLUSpoersmaal_Q10695;5;Hele landet;Opplæring i skole som forberedelse til opplæring i arbeidslivet;Undervisningen i yrkesfagene på skolen ga et godt grunnlag for det jeg skulle lære i bedriften;Enig;1 689;54
2023-24;Elektro og datateknologi;LLUIndeks_2;LLUSpoersmaal_Q10695;5;Vestfold;Opplæring i skole som forberedelse til opplæring i arbeidslivet;Undervisningen i yrkesfagene på skolen ga et godt grunnlag for det jeg skulle lære i bedriften;Enig;#VERDI!;#VERDI!
2023-24;Frisør, blomster, interiør og eksponeringsdesign;LLUIndeks_5;LLUSpoersmaal_Q10705;5;Hele landet;Trygt miljø;Er du blitt mobbet på arbeidsplassen de siste månedene?;Ikke i det hele tatt;*;*
2023-24;Frisør, blomster, interiør og eksponeringsdesign;LLUIndeks_5;LLUSpoersmaal_Q10705;5;Vestfold;Trygt miljø;Er du blitt mobbet på arbeidsplassen de siste månedene?;Ikke i det hele tatt;*;*
2023-24;Frisør, blomster, interiør og eksponeringsdesign;LLUIndeks_2;LLUSpoersmaal_Q10695;5;Hele landet;Opplæring i skole som forberedelse til opplæring i arbeidslivet;Undervisningen i yrkesfagene på skolen ga et godt grunnlag for det jeg skulle lære i bedriften;Enig;113;68
2023-24;Frisør, blomster, interiør og eksponeringsdesign;LLUIndeks_2;LLUSpoersmaal_Q10695;5;Vestfold;Opplæring i skole som forberedelse til opplæring i arbeidslivet;Undervisningen i yrkesfagene på skolen ga et godt grunnlag for det jeg skulle lære i bedriften;Enig;#VERDI!;#VERDI!
2023-24;Helse- og oppvekstfag;LLUIndeks_5;LLUSpoersmaal_Q10705;5;Hele landet;Trygt miljø;Er du blitt mobbet på arbeidsplassen de siste månedene?;Ikke i det hele tatt;1 828;85,9
2023-24;Helse- og oppvekstfag;LLUIndeks_5;LLUSpoersmaal_Q10705;5;Vestfold;Trygt miljø;Er du blitt mobbet på arbeidsplassen de siste månedene?;Ikke i det hele tatt;*;*
2023-24;Helse- og oppvekstfag;LLUIndeks_2;LLUSpoersmaal_Q10695;5;Hele landet;Opplæring i skole som forberedelse til opplæring i arbeidslivet;Undervisningen i yrkesfagene på skolen ga et godt grunnlag for det jeg skulle lære i bedriften;Enig;1 564;74
2023-24;Helse- og oppvekstfag;LLUIndeks_2;LLUSpoersmaal_Q10695;5;Vestfold;Opplæring i skole som forberedelse til opplæring i arbeidslivet;Undervisningen i yrkesfagene på skolen ga et godt grunnlag for det jeg skulle lære i bedriften;Enig;#VERDI!;#VERDI!
2023-24;Informasjonsteknologi og medieproduksjon;LLUIndeks_5;LLUSpoersmaal_Q10705;5;Hele landet;Trygt miljø;Er du blitt mobbet på arbeidsplassen de siste månedene?;Ikke i det hele tatt;*;*
2023-24;Informasjonsteknologi og medieproduksjon;LLUIndeks_5;LLUSpoersmaal_Q10705;5;Vestfold;Trygt miljø;Er du blitt mobbet på arbeidsplassen de siste månedene?;Ikke i det hele tatt;*;*
2023-24;Informasjonsteknologi og medieproduksjon;LLUIndeks_2;LLUSpoersmaal_Q10695;5;Hele landet;Opplæring i skole som forberedelse til opplæring i arbeidslivet;Undervisningen i yrkesfagene på skolen ga et godt grunnlag for det jeg skulle lære i bedriften;Enig;#VERDI!;#VERDI!
2023-24;Informasjonsteknologi og medieproduksjon;LLUIndeks_2;LLUSpoersmaal_Q10695;5;Vestfold;Opplæring i skole som forberedelse til opplæring i arbeidslivet;Undervisningen i yrkesfagene på skolen ga et godt grunnlag for det jeg skulle lære i bedriften;Enig;#VERDI!;#VERDI!
2023-24;Naturbruk;LLUIndeks_5;LLUSpoersmaal_Q10705;5;Hele landet;Trygt miljø;Er du blitt mobbet på arbeidsplassen de siste månedene?;Ikke i det hele tatt;375;88,9
2023-24;Naturbruk;LLUIndeks_5;LLUSpoersmaal_Q10705;5;Vestfold;Trygt miljø;Er du blitt mobbet på arbeidsplassen de siste månedene?;Ikke i det hele tatt;*;*
2023-24;Naturbruk;LLUIndeks_2;LLUSpoersmaal_Q10695;5;Hele landet;Opplæring i skole som forberedelse til opplæring i arbeidslivet;Undervisningen i yrkesfagene på skolen ga et godt grunnlag for det jeg skulle lære i bedriften;Enig;243;58
2023-24;Naturbruk;LLUIndeks_2;LLUSpoersmaal_Q10695;5;Vestfold;Opplæring i skole som forberedelse til opplæring i arbeidslivet;Undervisningen i yrkesfagene på skolen ga et godt grunnlag for det jeg skulle lære i bedriften;Enig;#VERDI!;#VERDI!
2023-24;Restaurant- og matfag;LLUIndeks_5;LLUSpoersmaal_Q10705;5;Hele landet;Trygt miljø;Er du blitt mobbet på arbeidsplassen de siste månedene?;Ikke i det hele tatt;404;77
2023-24;Restaurant- og matfag;LLUIndeks_5;LLUSpoersmaal_Q10705;5;Vestfold;Trygt miljø;Er du blitt mobbet på arbeidsplassen de siste månedene?;Ikke i det hele tatt;*;*
2023-24;Restaurant- og matfag;LLUIndeks_2;LLUSpoersmaal_Q10695;5;Hele landet;Opplæring i skole som forberedelse til opplæring i arbeidslivet;Undervisningen i yrkesfagene på skolen ga et godt grunnlag for det jeg skulle lære i bedriften;Enig;306;59
2023-24;Restaurant- og matfag;LLUIndeks_2;LLUSpoersmaal_Q10695;5;Vestfold;Opplæring i skole som forberedelse til opplæring i arbeidslivet;Undervisningen i yrkesfagene på skolen ga et godt grunnlag for det jeg skulle lære i bedriften;Enig;#VERDI!;#VERDI!
2023-24;Salg, service og reiseliv;LLUIndeks_5;LLUSpoersmaal_Q10705;5;Hele landet;Trygt miljø;Er du blitt mobbet på arbeidsplassen de siste månedene?;Ikke i det hele tatt;519;85,6
2023-24;Salg, service og reiseliv;LLUIndeks_5;LLUSpoersmaal_Q10705;5;Vestfold;Trygt miljø;Er du blitt mobbet på arbeidsplassen de siste månedene?;Ikke i det hele tatt;36;85,7
2023-24;Salg, service og reiseliv;LLUIndeks_2;LLUSpoersmaal_Q10695;5;Hele landet;Opplæring i skole som forberedelse til opplæring i arbeidslivet;Undervisningen i yrkesfagene på skolen ga et godt grunnlag for det jeg skulle lære i bedriften;Enig;340;57
2023-24;Salg, service og reiseliv;LLUIndeks_2;LLUSpoersmaal_Q10695;5;Vestfold;Opplæring i skole som forberedelse til opplæring i arbeidslivet;Undervisningen i yrkesfagene på skolen ga et godt grunnlag for det jeg skulle lære i bedriften;Enig;#VERDI!;#VERDI!
2023-24;Teknologi- og industrifag;LLUIndeks_5;LLUSpoersmaal_Q10705;5;Hele landet;Trygt miljø;Er du blitt mobbet på arbeidsplassen de siste månedene?;Ikke i det hele tatt;2 182;84,6
2023-24;Teknologi- og industrifag;LLUIndeks_5;LLUSpoersmaal_Q10705;5;Vestfold;Trygt miljø;Er du blitt mobbet på arbeidsplassen de siste månedene?;Ikke i det hele tatt;106;73,6
2023-24;Teknologi- og industrifag;LLUIndeks_2;LLUSpoersmaal_Q10695;5;Hele landet;Opplæring i skole som forberedelse til opplæring i arbeidslivet;Undervisningen i yrkesfagene på skolen ga et godt grunnlag for det jeg skulle lære i bedriften;Enig;1 413;55
2023-24;Teknologi- og industrifag;LLUIndeks_2;LLUSpoersmaal_Q10695;5;Vestfold;Opplæring i skole som forberedelse til opplæring i arbeidslivet;Undervisningen i yrkesfagene på skolen ga et godt grunnlag for det jeg skulle lære i bedriften;Enig;65;45,5
2024-25;Alle utdanningsprogram;LLUIndeks_5;LLUSpoersmaal_Q10705;5;Hele landet;Trygt miljø;Er du blitt mobbet på arbeidsplassen de siste månedene?;Ikke i det hele tatt;9 064;86,6
2024-25;Alle utdanningsprogram;LLUIndeks_5;LLUSpoersmaal_Q10705;5;Vestfold;Trygt miljø;Er du blitt mobbet på arbeidsplassen de siste månedene?;Ikke i det hele tatt;366;85,1
2024-25;Alle utdanningsprogram;LLUIndeks_2;LLUSpoersmaal_Q10695;5;Hele landet;Opplæring i skole som forberedelse til opplæring i arbeidslivet;Undervisningen i yrkesfagene på skolen ga et godt grunnlag for det jeg skulle lære i bedriften;Enig;6 004;58
2024-25;Alle utdanningsprogram;LLUIndeks_2;LLUSpoersmaal_Q10695;5;Vestfold;Opplæring i skole som forberedelse til opplæring i arbeidslivet;Undervisningen i yrkesfagene på skolen ga et godt grunnlag for det jeg skulle lære i bedriften;Enig;210;49,4
2024-25;Bygg- og anleggsteknikk;LLUIndeks_5;LLUSpoersmaal_Q10705;5;Hele landet;Trygt miljø;Er du blitt mobbet på arbeidsplassen de siste månedene?;Ikke i det hele tatt;1 877;86,4
2024-25;Bygg- og anleggsteknikk;LLUIndeks_5;LLUSpoersmaal_Q10705;5;Vestfold;Trygt miljø;Er du blitt mobbet på arbeidsplassen de siste månedene?;Ikke i det hele tatt;101;80,2
2024-25;Bygg- og anleggsteknikk;LLUIndeks_2;LLUSpoersmaal_Q10695;5;Hele landet;Opplæring i skole som forberedelse til opplæring i arbeidslivet;Undervisningen i yrkesfagene på skolen ga et godt grunnlag for det jeg skulle lære i bedriften;Enig;1 034;49
2024-25;Bygg- og anleggsteknikk;LLUIndeks_2;LLUSpoersmaal_Q10695;5;Vestfold;Opplæring i skole som forberedelse til opplæring i arbeidslivet;Undervisningen i yrkesfagene på skolen ga et godt grunnlag for det jeg skulle lære i bedriften;Enig;51;41,5
2024-25;Elektro og datateknologi;LLUIndeks_5;LLUSpoersmaal_Q10705;5;Hele landet;Trygt miljø;Er du blitt mobbet på arbeidsplassen de siste månedene?;Ikke i det hele tatt;2 001;87,6
2024-25;Elektro og datateknologi;LLUIndeks_5;LLUSpoersmaal_Q10705;5;Vestfold;Trygt miljø;Er du blitt mobbet på arbeidsplassen de siste månedene?;Ikke i det hele tatt;43;76,8
2024-25;Elektro og datateknologi;LLUIndeks_2;LLUSpoersmaal_Q10695;5;Hele landet;Opplæring i skole som forberedelse til opplæring i arbeidslivet;Undervisningen i yrkesfagene på skolen ga et godt grunnlag for det jeg skulle lære i bedriften;Enig;1 275;56
2024-25;Elektro og datateknologi;LLUIndeks_2;LLUSpoersmaal_Q10695;5;Vestfold;Opplæring i skole som forberedelse til opplæring i arbeidslivet;Undervisningen i yrkesfagene på skolen ga et godt grunnlag for det jeg skulle lære i bedriften;Enig;27;48,2
2024-25;Frisør, blomster, interiør og eksponeringsdesign;LLUIndeks_5;LLUSpoersmaal_Q10705;5;Hele landet;Trygt miljø;Er du blitt mobbet på arbeidsplassen de siste månedene?;Ikke i det hele tatt;160;86
2024-25;Frisør, blomster, interiør og eksponeringsdesign;LLUIndeks_5;LLUSpoersmaal_Q10705;5;Vestfold;Trygt miljø;Er du blitt mobbet på arbeidsplassen de siste månedene?;Ikke i det hele tatt;*;*
2024-25;Frisør, blomster, interiør og eksponeringsdesign;LLUIndeks_2;LLUSpoersmaal_Q10695;5;Hele landet;Opplæring i skole som forberedelse til opplæring i arbeidslivet;Undervisningen i yrkesfagene på skolen ga et godt grunnlag for det jeg skulle lære i bedriften;Enig;111;61
2024-25;Frisør, blomster, interiør og eksponeringsdesign;LLUIndeks_2;LLUSpoersmaal_Q10695;5;Vestfold;Opplæring i skole som forberedelse til opplæring i arbeidslivet;Undervisningen i yrkesfagene på skolen ga et godt grunnlag for det jeg skulle lære i bedriften;Enig;#VERDI!;#VERDI!
2024-25;Helse- og oppvekstfag;LLUIndeks_5;LLUSpoersmaal_Q10705;5;Hele landet;Trygt miljø;Er du blitt mobbet på arbeidsplassen de siste månedene?;Ikke i det hele tatt;1 571;86,7
2024-25;Helse- og oppvekstfag;LLUIndeks_5;LLUSpoersmaal_Q10705;5;Vestfold;Trygt miljø;Er du blitt mobbet på arbeidsplassen de siste månedene?;Ikke i det hele tatt;*;*
2024-25;Helse- og oppvekstfag;LLUIndeks_2;LLUSpoersmaal_Q10695;5;Hele landet;Opplæring i skole som forberedelse til opplæring i arbeidslivet;Undervisningen i yrkesfagene på skolen ga et godt grunnlag for det jeg skulle lære i bedriften;Enig;1 312;73
2024-25;Helse- og oppvekstfag;LLUIndeks_2;LLUSpoersmaal_Q10695;5;Vestfold;Opplæring i skole som forberedelse til opplæring i arbeidslivet;Undervisningen i yrkesfagene på skolen ga et godt grunnlag for det jeg skulle lære i bedriften;Enig;40;70,2
2024-25;Informasjonsteknologi og medieproduksjon;LLUIndeks_5;LLUSpoersmaal_Q10705;5;Hele landet;Trygt miljø;Er du blitt mobbet på arbeidsplassen de siste månedene?;Ikke i det hele tatt;348;*
2024-25;Informasjonsteknologi og medieproduksjon;LLUIndeks_5;LLUSpoersmaal_Q10705;5;Vestfold;Trygt miljø;Er du blitt mobbet på arbeidsplassen de siste månedene?;Ikke i det hele tatt;*;*
2024-25;Informasjonsteknologi og medieproduksjon;LLUIndeks_2;LLUSpoersmaal_Q10695;5;Hele landet;Opplæring i skole som forberedelse til opplæring i arbeidslivet;Undervisningen i yrkesfagene på skolen ga et godt grunnlag for det jeg skulle lære i bedriften;Enig;190;50
2024-25;Informasjonsteknologi og medieproduksjon;LLUIndeks_2;LLUSpoersmaal_Q10695;5;Vestfold;Opplæring i skole som forberedelse til opplæring i arbeidslivet;Undervisningen i yrkesfagene på skolen ga et godt grunnlag for det jeg skulle lære i bedriften;Enig;#VERDI!;#VERDI!
2024-25;Naturbruk;LLUIndeks_5;LLUSpoersmaal_Q10705;5;Hele landet;Trygt miljø;Er du blitt mobbet på arbeidsplassen de siste månedene?;Ikke i det hele tatt;288;86,7
2024-25;Naturbruk;LLUIndeks_5;LLUSpoersmaal_Q10705;5;Vestfold;Trygt miljø;Er du blitt mobbet på arbeidsplassen de siste månedene?;Ikke i det hele tatt;*;*
2024-25;Naturbruk;LLUIndeks_2;LLUSpoersmaal_Q10695;5;Hele landet;Opplæring i skole som forberedelse til opplæring i arbeidslivet;Undervisningen i yrkesfagene på skolen ga et godt grunnlag for det jeg skulle lære i bedriften;Enig;196;60
2024-25;Naturbruk;LLUIndeks_2;LLUSpoersmaal_Q10695;5;Vestfold;Opplæring i skole som forberedelse til opplæring i arbeidslivet;Undervisningen i yrkesfagene på skolen ga et godt grunnlag for det jeg skulle lære i bedriften;Enig;#VERDI!;#VERDI!
2024-25;Restaurant- og matfag;LLUIndeks_5;LLUSpoersmaal_Q10705;5;Hele landet;Trygt miljø;Er du blitt mobbet på arbeidsplassen de siste månedene?;Ikke i det hele tatt;338;81,3
2024-25;Restaurant- og matfag;LLUIndeks_5;LLUSpoersmaal_Q10705;5;Vestfold;Trygt miljø;Er du blitt mobbet på arbeidsplassen de siste månedene?;Ikke i det hele tatt;24;88,9
2024-25;Restaurant- og matfag;LLUIndeks_2;LLUSpoersmaal_Q10695;5;Hele landet;Opplæring i skole som forberedelse til opplæring i arbeidslivet;Undervisningen i yrkesfagene på skolen ga et godt grunnlag for det jeg skulle lære i bedriften;Enig;258;62
2024-25;Restaurant- og matfag;LLUIndeks_2;LLUSpoersmaal_Q10695;5;Vestfold;Opplæring i skole som forberedelse til opplæring i arbeidslivet;Undervisningen i yrkesfagene på skolen ga et godt grunnlag for det jeg skulle lære i bedriften;Enig;#VERDI!;#VERDI!
2024-25;Salg, service og reiseliv;LLUIndeks_5;LLUSpoersmaal_Q10705;5;Hele landet;Trygt miljø;Er du blitt mobbet på arbeidsplassen de siste månedene?;Ikke i det hele tatt;481;88,1
2024-25;Salg, service og reiseliv;LLUIndeks_5;LLUSpoersmaal_Q10705;5;Vestfold;Trygt miljø;Er du blitt mobbet på arbeidsplassen de siste månedene?;Ikke i det hele tatt;*;*
2024-25;Salg, service og reiseliv;LLUIndeks_2;LLUSpoersmaal_Q10695;5;Hele landet;Opplæring i skole som forberedelse til opplæring i arbeidslivet;Undervisningen i yrkesfagene på skolen ga et godt grunnlag for det jeg skulle lære i bedriften;Enig;320;59
2024-25;Salg, service og reiseliv;LLUIndeks_2;LLUSpoersmaal_Q10695;5;Vestfold;Opplæring i skole som forberedelse til opplæring i arbeidslivet;Undervisningen i yrkesfagene på skolen ga et godt grunnlag for det jeg skulle lære i bedriften;Enig;#VERDI!;#VERDI!
2024-25;Teknologi- og industrifag;LLUIndeks_5;LLUSpoersmaal_Q10705;5;Hele landet;Trygt miljø;Er du blitt mobbet på arbeidsplassen de siste månedene?;Ikke i det hele tatt;1 913;85,4
2024-25;Teknologi- og industrifag;LLUIndeks_5;LLUSpoersmaal_Q10705;5;Vestfold;Trygt miljø;Er du blitt mobbet på arbeidsplassen de siste månedene?;Ikke i det hele tatt;94;87,9
2024-25;Teknologi- og industrifag;LLUIndeks_2;LLUSpoersmaal_Q10695;5;Hele landet;Opplæring i skole som forberedelse til opplæring i arbeidslivet;Undervisningen i yrkesfagene på skolen ga et godt grunnlag for det jeg skulle lære i bedriften;Enig;1 260;56
2024-25;Teknologi- og industrifag;LLUIndeks_2;LLUSpoersmaal_Q10695;5;Vestfold;Opplæring i skole som forberedelse til opplæring i arbeidslivet;Undervisningen i yrkesfagene på skolen ga et godt grunnlag for det jeg skulle lære i bedriften;Enig;#VERDI!;#VERDI!
