År,Fylke,Kommune,Grovfor antall dekar,Grovfor antall søkere,Korn antall dekar,Korn antall søkere,Potet antall dekar,Potet antall søkere,Grønnsaker antall dekar,Grønnsaker antall søkere,Frukt antall dekar,Frukt antall søkere,Bær antall dekar,Bær antall søkere
2023,Agder (42),Arendal (4203),14 676 ,91 ,2 299 ,13 ,6 ,3 ,119 ,1 ,3 ,1 ,0 ,0 
2023,Agder (42),Birkenes (4216),10 468 ,59 ,657 ,4 ,248 ,2 ,88 ,2 ,8 ,1 ,102 ,2 
2023,Agder (42),Bygland (4220),7 224 ,40 ,0 ,0 ,10 ,1 ,0 ,0 ,8 ,2 ,0 ,0 
2023,Agder (42),Bykle (4222),1 671 ,12 ,0 ,0 ,0 ,0 ,0 ,0 ,0 ,0 ,0 ,0 
2023,Agder (42),Evje og Hornnes (4219),10 771 ,53 ,330 ,2 ,0 ,0 ,0 ,0 ,13 ,3 ,32 ,3 
2023,Agder (42),Farsund (4206),28 188 ,141 ,2 773 ,23 ,55 ,4 ,18 ,3 ,0 ,0 ,6 ,1 
2023,Agder (42),Flekkefjord (4207),14 447 ,74 ,0 ,0 ,0 ,0 ,1 ,1 ,0 ,0 ,0 ,0 
2023,Agder (42),Froland (4214),4 967 ,40 ,751 ,4 ,0 ,0 ,2 ,1 ,18 ,1 ,0 ,0 
2023,Agder (42),Gjerstad (4211),4 263 ,14 ,590 ,1 ,0 ,0 ,1 ,1 ,0 ,0 ,0 ,0 
2023,Agder (42),Grimstad (4202),10 441 ,71 ,2 756 ,28 ,1 804 ,19 ,894 ,16 ,12 ,3 ,401 ,15 
2023,Agder (42),Hægebostad (4226),14 605 ,57 ,0 ,0 ,0 ,0 ,0 ,0 ,0 ,0 ,0 ,0 
2023,Agder (42),Iveland (4218),3 820 ,18 ,0 ,0 ,0 ,0 ,0 ,0 ,0 ,0 ,0 ,0 
2023,Agder (42),Kristiansand (4204),15 437 ,112 ,1 354 ,15 ,750 ,8 ,39 ,6 ,64 ,5 ,400 ,13 
2023,Agder (42),Kvinesdal (4227),21 350 ,119 ,0 ,0 ,26 ,2 ,0 ,0 ,12 ,2 ,6 ,1 
2023,Agder (42),Lillesand (4215),4 687 ,31 ,684 ,4 ,12 ,1 ,85 ,2 ,2 ,1 ,4 ,1 
2023,Agder (42),Lindesnes (4205),34 612 ,229 ,183 ,4 ,90 ,6 ,88 ,5 ,17 ,2 ,101 ,8 
2023,Agder (42),Lyngdal (4225),24 264 ,125 ,178 ,4 ,65 ,4 ,1 ,1 ,8 ,3 ,26 ,2 
2023,Agder (42),Risør (4201),2 296 ,13 ,0 ,0 ,0 ,0 ,0 ,0 ,0 ,0 ,0 ,0 
2023,Agder (42),Sirdal (4228),11 834 ,63 ,0 ,0 ,10 ,2 ,0 ,0 ,0 ,0 ,9 ,1 
2023,Agder (42),Tvedestrand (4213),5 962 ,31 ,208 ,2 ,0 ,0 ,0 ,0 ,7 ,1 ,0 ,0 
2023,Agder (42),Valle (4221),8 294 ,47 ,0 ,0 ,0 ,0 ,0 ,0 ,2 ,1 ,7 ,1 
2023,Agder (42),Vegårshei (4212),1 638 ,13 ,0 ,0 ,0 ,0 ,0 ,0 ,0 ,0 ,0 ,0 
2023,Agder (42),Vennesla (4223),11 924 ,69 ,60 ,1 ,0 ,0 ,0 ,0 ,10 ,1 ,39 ,1 
2023,Agder (42),Åmli (4217),9 879 ,41 ,777 ,6 ,120 ,1 ,1 ,1 ,4 ,1 ,8 ,1 
2023,Agder (42),Åseral (4224),9 711 ,44 ,0 ,0 ,0 ,0 ,0 ,0 ,3 ,1 ,0 ,0 
2023,Innlandet (34),Alvdal (3428),29 125 ,115 ,1 814 ,15 ,283 ,12 ,0 ,0 ,0 ,0 ,5 ,1 
2023,Innlandet (34),Dovre (3431),27 229 ,95 ,292 ,2 ,7 ,1 ,2 ,1 ,0 ,0 ,0 ,0 
2023,Innlandet (34),Eidskog (3416),7 610 ,48 ,25 135 ,89 ,30 ,4 ,10 ,2 ,12 ,1 ,0 ,0 
2023,Innlandet (34),Elverum (3420),16 255 ,47 ,20 538 ,59 ,2 793 ,10 ,0 ,0 ,0 ,0 ,348 ,2 
2023,Innlandet (34),Engerdal (3425),8 783 ,28 ,0 ,0 ,0 ,0 ,0 ,0 ,0 ,0 ,0 ,0 
2023,Innlandet (34),Etnedal (3450),14 715 ,57 ,54 ,1 ,0 ,0 ,1 ,1 ,0 ,0 ,0 ,0 
2023,Innlandet (34),Folldal (3429),27 736 ,105 ,0 ,0 ,0 ,0 ,1 ,1 ,0 ,0 ,0 ,0 
2023,Innlandet (34),Gausdal (3441),61 421 ,237 ,2 030 ,13 ,3 ,3 ,3 ,3 ,0 ,0 ,7 ,1 
2023,Innlandet (34),Gjøvik (3407),60 913 ,229 ,11 397 ,42 ,8 ,4 ,5 ,2 ,15 ,1 ,68 ,1 
2023,Innlandet (34),Gran (3446),36 182 ,163 ,32 701 ,167 ,1 288 ,26 ,49 ,5 ,53 ,3 ,119 ,5 
2023,Innlandet (34),Grue (3417),7 305 ,46 ,47 085 ,103 ,11 451 ,48 ,831 ,5 ,6 ,2 ,11 ,1 
2023,Innlandet (34),Hamar (3403),5 831 ,39 ,37 978 ,77 ,783 ,6 ,958 ,5 ,0 ,0 ,135 ,5 
2023,Innlandet (34),Kongsvinger (3401),12 634 ,61 ,31 058 ,82 ,1 922 ,8 ,200 ,1 ,5 ,1 ,8 ,1 
2023,Innlandet (34),Lesja (3432),43 764 ,156 ,0 ,0 ,17 ,4 ,0 ,0 ,0 ,0 ,0 ,0 
2023,Innlandet (34),Lillehammer (3405),28 962 ,124 ,3 128 ,23 ,0 ,0 ,0 ,0 ,0 ,0 ,1 ,1 
2023,Innlandet (34),Lom (3434),22 569 ,123 ,186 ,1 ,8 ,3 ,16 ,1 ,0 ,0 ,0 ,0 
2023,Innlandet (34),Løten (3412),16 212 ,62 ,26 388 ,64 ,332 ,3 ,149 ,3 ,0 ,0 ,18 ,2 
2023,Innlandet (34),Nord-Aurdal (3451),32 670 ,168 ,84 ,3 ,1 ,1 ,0 ,0 ,0 ,0 ,2 ,1 
2023,Innlandet (34),Nord-Fron (3436),38 266 ,172 ,2 521 ,17 ,0 ,0 ,0 ,0 ,0 ,0 ,0 ,0 
2023,Innlandet (34),Nord-Odal (3414),6 825 ,40 ,16 518 ,64 ,187 ,1 ,1 ,1 ,0 ,0 ,0 ,0 
2023,Innlandet (34),Nordre Land (3448),40 224 ,186 ,2 044 ,10 ,18 ,5 ,0 ,0 ,2 ,1 ,7 ,2 
2023,Innlandet (34),Os (3430),31 598 ,104 ,0 ,0 ,2 ,1 ,0 ,0 ,0 ,0 ,0 ,0 
2023,Innlandet (34),Rendalen (3424),15 768 ,55 ,4 499 ,18 ,981 ,3 ,0 ,0 ,0 ,0 ,0 ,0 
2023,Innlandet (34),Ringebu (3439),46 200 ,197 ,880 ,9 ,30 ,3 ,3 ,2 ,0 ,0 ,68 ,2 
2023,Innlandet (34),Ringsaker (3411),93 078 ,339 ,91 447 ,245 ,2 932 ,25 ,473 ,9 ,102 ,4 ,798 ,15 
2023,Innlandet (34),Sel (3437),29 166 ,139 ,3 254 ,23 ,371 ,6 ,0 ,0 ,0 ,0 ,0 ,0 
2023,Innlandet (34),Skjåk (3433),21 923 ,127 ,960 ,15 ,64 ,5 ,14 ,2 ,0 ,0 ,5 ,3 
2023,Innlandet (34),Stange (3413),20 339 ,99 ,63 695 ,175 ,2 781 ,21 ,2 455 ,18 ,8 ,1 ,375 ,8 
2023,Innlandet (34),Stor-Elvdal (3423),15 837 ,48 ,3 888 ,15 ,1 043 ,3 ,0 ,0 ,0 ,0 ,0 ,0 
2023,Innlandet (34),Søndre Land (3447),15 001 ,80 ,7 935 ,44 ,0 ,0 ,0 ,0 ,0 ,0 ,12 ,1 
2023,Innlandet (34),Sør-Aurdal (3449),21 833 ,102 ,281 ,3 ,3 ,1 ,0 ,0 ,0 ,0 ,0 ,0 
2023,Innlandet (34),Sør-Fron (3438),34 743 ,143 ,3 159 ,22 ,4 ,2 ,2 ,1 ,0 ,0 ,3 ,1 
2023,Innlandet (34),Sør-Odal (3415),4 938 ,34 ,49 906 ,103 ,5 657 ,23 ,2 ,1 ,0 ,0 ,1 ,1 
2023,Innlandet (34),Tolga (3426),35 292 ,92 ,330 ,9 ,0 ,0 ,1 ,1 ,0 ,0 ,0 ,0 
2023,Innlandet (34),Trysil (3421),15 143 ,44 ,220 ,1 ,8 ,3 ,0 ,0 ,0 ,0 ,3 ,1 
2023,Innlandet (34),Tynset (3427),58 987 ,189 ,331 ,5 ,1 317 ,15 ,2 ,1 ,0 ,0 ,0 ,0 
2023,Innlandet (34),Vang (3454),17 254 ,97 ,0 ,0 ,0 ,0 ,0 ,0 ,0 ,0 ,68 ,1 
2023,Innlandet (34),Vestre Slidre (3452),27 289 ,160 ,266 ,3 ,1 ,1 ,1 ,1 ,0 ,0 ,0 ,0 
2023,Innlandet (34),Vestre Toten (3443),23 299 ,109 ,28 647 ,119 ,155 ,4 ,2 ,2 ,0 ,0 ,64 ,3 
2023,Innlandet (34),Vågå (3435),37 907 ,165 ,169 ,3 ,802 ,2 ,19 ,3 ,0 ,0 ,3 ,2 
2023,Innlandet (34),Våler (Hedm.) (3419),7 248 ,40 ,36 904 ,78 ,6 512 ,17 ,135 ,1 ,0 ,0 ,0 ,0 
2023,Innlandet (34),Østre Toten (3442),37 858 ,176 ,61 887 ,215 ,6 053 ,36 ,9 842 ,33 ,16 ,2 ,405 ,9 
2023,Innlandet (34),Øyer (3440),29 813 ,136 ,1 260 ,14 ,3 ,2 ,8 ,1 ,0 ,0 ,18 ,2 
2023,Innlandet (34),Øystre Slidre (3453),26 803 ,142 ,37 ,2 ,7 ,2 ,1 ,1 ,0 ,0 ,0 ,0 
2023,Innlandet (34),Åmot (3422),11 583 ,32 ,6 546 ,17 ,919 ,2 ,0 ,0 ,3 ,1 ,121 ,2 
2023,Innlandet (34),Åsnes (3418),12 786 ,59 ,76 106 ,168 ,9 361 ,50 ,164 ,3 ,11 ,1 ,59 ,2 
2023,Møre og Romsdal (15),Aukra (1547),8 571 ,18 ,402 ,3 ,5 ,1 ,1 ,1 ,0 ,0 ,0 ,0 
2023,Møre og Romsdal (15),Aure (1576),21 097 ,97 ,30 ,1 ,10 ,5 ,6 ,3 ,47 ,4 ,7 ,1 
2023,Møre og Romsdal (15),Averøy (1554),18 332 ,88 ,0 ,0 ,0 ,0 ,0 ,0 ,0 ,0 ,0 ,0 
2023,Møre og Romsdal (15),Fjord (1578),14 596 ,79 ,23 ,1 ,45 ,4 ,5 ,2 ,232 ,10 ,482 ,17 
2023,Møre og Romsdal (15),Giske (1532),8 275 ,23 ,226 ,1 ,0 ,0 ,0 ,0 ,0 ,0 ,0 ,0 
2023,Møre og Romsdal (15),Gjemnes (1557),24 683 ,108 ,172 ,1 ,0 ,0 ,1 ,1 ,0 ,0 ,0 ,0 
2023,Møre og Romsdal (15),Hareid (1517),3 020 ,18 ,0 ,0 ,0 ,0 ,0 ,0 ,0 ,0 ,0 ,0 
2023,Møre og Romsdal (15),Herøy (M. og R.) (1515),4 993 ,58 ,0 ,0 ,8 ,1 ,0 ,0 ,0 ,0 ,0 ,0 
2023,Møre og Romsdal (15),Hustadvika (1579),72 629 ,227 ,623 ,6 ,5 ,3 ,1 ,1 ,2 ,1 ,2 ,1 
2023,Møre og Romsdal (15),Kristiansund (1505),2 470 ,13 ,0 ,0 ,12 ,1 ,0 ,0 ,0 ,0 ,34 ,1 
2023,Møre og Romsdal (15),Molde (1506),36 310 ,150 ,417 ,4 ,1 ,1 ,0 ,0 ,21 ,2 ,0 ,0 
2023,Møre og Romsdal (15),Rauma (1539),28 807 ,122 ,1 864 ,10 ,48 ,3 ,1 ,1 ,14 ,1 ,0 ,0 
2023,Møre og Romsdal (15),Sande (1514),5 349 ,28 ,0 ,0 ,0 ,0 ,0 ,0 ,0 ,0 ,0 ,0 
2023,Møre og Romsdal (15),Smøla (1573),14 338 ,60 ,24 ,1 ,2 ,1 ,467 ,7 ,0 ,0 ,1 ,1 
2023,Møre og Romsdal (15),Stranda (1525),16 602 ,77 ,0 ,0 ,1 ,1 ,2 ,1 ,18 ,1 ,0 ,0 
2023,Møre og Romsdal (15),Sula (1531),510 ,6 ,0 ,0 ,0 ,0 ,0 ,0 ,0 ,0 ,0 ,0 
2023,Møre og Romsdal (15),Sunndal (1563),16 712 ,70 ,1 708 ,11 ,1 485 ,8 ,0 ,0 ,9 ,1 ,0 ,0 
2023,Møre og Romsdal (15),Surnadal (1566),32 088 ,129 ,4 464 ,32 ,42 ,3 ,2 ,1 ,18 ,3 ,6 ,2 
2023,Møre og Romsdal (15),Sykkylven (1528),12 024 ,67 ,0 ,0 ,4 ,2 ,4 ,2 ,0 ,0 ,1 ,1 
2023,Møre og Romsdal (15),Tingvoll (1560),19 759 ,72 ,0 ,0 ,3 ,2 ,0 ,0 ,0 ,0 ,13 ,2 
2023,Møre og Romsdal (15),Ulstein (1516),4 148 ,35 ,0 ,0 ,0 ,0 ,0 ,0 ,0 ,0 ,0 ,0 
2023,Møre og Romsdal (15),Vanylven (1511),19 824 ,85 ,0 ,0 ,2 ,2 ,1 ,1 ,32 ,4 ,29 ,3 
2023,Møre og Romsdal (15),Vestnes (1535),19 994 ,95 ,271 ,2 ,17 ,5 ,8 ,2 ,0 ,0 ,0 ,0 
2023,Møre og Romsdal (15),Volda (1577),27 860 ,178 ,0 ,0 ,5 ,3 ,1 ,1 ,14 ,1 ,2 ,1 
2023,Møre og Romsdal (15),Ørsta (1520),30 204 ,149 ,0 ,0 ,0 ,0 ,0 ,0 ,0 ,0 ,0 ,0 
2023,Møre og Romsdal (15),Ålesund (1507),29 436 ,135 ,89 ,1 ,7 ,2 ,1 ,1 ,0 ,0 ,3 ,1 
2023,Nordland (18),Alstahaug (1820),24 921 ,67 ,72 ,1 ,36 ,2 ,2 ,1 ,0 ,0 ,7 ,1 
2023,Nordland (18),Andøy (1871),14 775 ,38 ,0 ,0 ,17 ,6 ,2 ,1 ,0 ,0 ,0 ,0 
2023,Nordland (18),Beiarn (1839),9 815 ,29 ,0 ,0 ,62 ,6 ,0 ,0 ,0 ,0 ,0 ,0 
2023,Nordland (18),Bindal (1811),10 412 ,23 ,0 ,0 ,2 ,1 ,0 ,0 ,0 ,0 ,0 ,0 
2023,Nordland (18),Bodø (1804),25 536 ,88 ,2 ,1 ,68 ,17 ,6 ,2 ,3 ,1 ,4 ,1 
2023,Nordland (18),Brønnøy (1813),31 595 ,95 ,0 ,0 ,11 ,4 ,1 ,1 ,6 ,2 ,9 ,3 
2023,Nordland (18),Bø (1867),10 044 ,21 ,0 ,0 ,3 ,2 ,1 ,1 ,0 ,0 ,30 ,2 
2023,Nordland (18),Dønna (1827),17 235 ,49 ,0 ,0 ,191 ,6 ,114 ,1 ,0 ,0 ,0 ,0 
2023,Nordland (18),Evenes (1853),6 213 ,15 ,0 ,0 ,3 ,3 ,0 ,0 ,0 ,0 ,0 ,0 
2023,Nordland (18),Fauske-Fuossko (1841),13 646 ,40 ,0 ,0 ,17 ,6 ,43 ,2 ,0 ,0 ,5 ,2 
2023,Nordland (18),Flakstad (1859),3 187 ,12 ,0 ,0 ,0 ,0 ,0 ,0 ,0 ,0 ,0 ,0 
2023,Nordland (18),Gildeskål (1838),5 742 ,17 ,0 ,0 ,2 ,2 ,0 ,0 ,0 ,0 ,2 ,2 
2023,Nordland (18),Grane (1825),8 873 ,23 ,0 ,0 ,219 ,2 ,0 ,0 ,0 ,0 ,1 ,1 
2023,Nordland (18),Hadsel (1866),18 567 ,66 ,0 ,0 ,119 ,10 ,9 ,3 ,0 ,0 ,5 ,1 
2023,Nordland (18),Hamarøy (1875),8 649 ,28 ,0 ,0 ,2 ,1 ,0 ,0 ,0 ,0 ,0 ,0 
2023,Nordland (18),Hattfjelldal (1826),18 951 ,73 ,1 ,1 ,8 ,7 ,0 ,0 ,0 ,0 ,0 ,0 
2023,Nordland (18),Hemnes (1832),20 950 ,68 ,40 ,1 ,11 ,4 ,0 ,0 ,0 ,0 ,0 ,0 
2023,Nordland (18),Herøy (Nordl.) (1818),7 593 ,26 ,0 ,0 ,0 ,0 ,0 ,0 ,0 ,0 ,0 ,0 
2023,Nordland (18),Leirfjord (1822),22 904 ,60 ,0 ,0 ,2 ,2 ,2 ,2 ,0 ,0 ,0 ,0 
2023,Nordland (18),Lurøy (1834),8 135 ,32 ,0 ,0 ,6 ,4 ,0 ,0 ,0 ,0 ,0 ,0 
2023,Nordland (18),Lødingen (1851),4 175 ,13 ,0 ,0 ,1 ,1 ,0 ,0 ,0 ,0 ,0 ,0 
2023,Nordland (18),Meløy (1837),15 261 ,54 ,0 ,0 ,2 ,1 ,0 ,0 ,0 ,0 ,0 ,0 
2023,Nordland (18),Narvik (1806),13 559 ,34 ,0 ,0 ,56 ,6 ,0 ,0 ,0 ,0 ,0 ,0 
2023,Nordland (18),Nesna (1828),12 446 ,36 ,0 ,0 ,4 ,3 ,0 ,0 ,0 ,0 ,0 ,0 
2023,Nordland (18),Rana (1833),23 835 ,96 ,0 ,0 ,8 ,5 ,1 ,1 ,0 ,0 ,6 ,1 
2023,Nordland (18),Rødøy (1836),7 301 ,36 ,0 ,0 ,6 ,6 ,0 ,0 ,0 ,0 ,0 ,0 
2023,Nordland (18),Røst (1856),1 107 ,3 ,0 ,0 ,0 ,0 ,0 ,0 ,0 ,0 ,0 ,0 
2023,Nordland (18),Saltdal (1840),10 634 ,38 ,0 ,0 ,3 ,2 ,0 ,0 ,0 ,0 ,0 ,0 
2023,Nordland (18),Sortland (1870),20 579 ,64 ,0 ,0 ,15 ,7 ,4 ,1 ,0 ,0 ,0 ,0 
2023,Nordland (18),Steigen (1848),23 257 ,60 ,0 ,0 ,367 ,8 ,3 ,1 ,0 ,0 ,0 ,0 
2023,Nordland (18),Sømna (1812),28 564 ,74 ,1 604 ,6 ,17 ,4 ,1 ,1 ,12 ,1 ,7 ,2 
2023,Nordland (18),Sørfold (1845),2 457 ,12 ,0 ,0 ,3 ,3 ,0 ,0 ,0 ,0 ,11 ,2 
2023,Nordland (18),Træna (1835),165 ,2 ,0 ,0 ,4 ,1 ,0 ,0 ,0 ,0 ,0 ,0 
2023,Nordland (18),Vefsn (1824),22 794 ,73 ,271 ,1 ,10 ,2 ,0 ,0 ,0 ,0 ,1 ,1 
2023,Nordland (18),Vega (1815),15 421 ,47 ,0 ,0 ,12 ,6 ,0 ,0 ,0 ,0 ,0 ,0 
2023,Nordland (18),Vestvågøy (1860),29 529 ,93 ,0 ,0 ,131 ,7 ,2 ,2 ,0 ,0 ,1 ,1 
2023,Nordland (18),Vevelstad (1816),8 810 ,28 ,0 ,0 ,2 ,2 ,0 ,0 ,0 ,0 ,0 ,0 
2023,Nordland (18),Vågan (1865),7 901 ,28 ,0 ,0 ,15 ,1 ,7 ,1 ,0 ,0 ,0 ,0 
2023,Nordland (18),Øksnes (1868),3 799 ,17 ,0 ,0 ,12 ,2 ,0 ,0 ,0 ,0 ,4 ,1 
2023,Oslo (03),Oslo (0301),4 316 ,23 ,2 982 ,11 ,8 ,2 ,14 ,5 ,40 ,2 ,5 ,1 
2023,Rogaland (11),Bjerkreim (1114),61 334 ,169 ,215 ,1 ,12 ,3 ,1 ,1 ,3 ,1 ,0 ,0 
2023,Rogaland (11),Bokn (1145),9 605 ,33 ,0 ,0 ,0 ,0 ,0 ,0 ,0 ,0 ,0 ,0 
2023,Rogaland (11),Eigersund (1101),50 438 ,155 ,0 ,0 ,0 ,0 ,1 ,1 ,7 ,2 ,1 ,1 
2023,Rogaland (11),Gjesdal (1122),51 162 ,136 ,260 ,1 ,0 ,0 ,1 ,1 ,5 ,1 ,12 ,1 
2023,Rogaland (11),Haugesund (1106),6 736 ,27 ,0 ,0 ,0 ,0 ,0 ,0 ,0 ,0 ,0 ,0 
2023,Rogaland (11),Hjelmeland (1133),37 213 ,166 ,287 ,2 ,6 ,1 ,8 ,1 ,598 ,27 ,74 ,4 
2023,Rogaland (11),Hå (1119),111 023 ,332 ,5 273 ,61 ,1 546 ,11 ,1 454 ,16 ,0 ,0 ,2 ,1 
2023,Rogaland (11),Karmøy (1149),51 776 ,210 ,0 ,0 ,117 ,6 ,170 ,5 ,2 ,1 ,12 ,2 
2023,Rogaland (11),Klepp (1120),53 790 ,208 ,12 315 ,83 ,2 618 ,23 ,2 183 ,26 ,0 ,0 ,59 ,3 
2023,Rogaland (11),Kvitsøy (1144),2 304 ,11 ,0 ,0 ,0 ,0 ,0 ,0 ,0 ,0 ,0 ,0 
2023,Rogaland (11),Lund (1112),24 027 ,94 ,0 ,0 ,0 ,0 ,0 ,0 ,63 ,3 ,0 ,0 
2023,Rogaland (11),Randaberg (1127),9 368 ,41 ,1 449 ,18 ,632 ,12 ,1 891 ,8 ,37 ,2 ,26 ,2 
2023,Rogaland (11),Sandnes (1108),81 067 ,293 ,3 760 ,40 ,401 ,7 ,137 ,5 ,16 ,3 ,363 ,4 
2023,Rogaland (11),Sauda (1135),7 457 ,59 ,0 ,0 ,3 ,1 ,2 ,2 ,5 ,1 ,9 ,1 
2023,Rogaland (11),Sokndal (1111),13 336 ,78 ,0 ,0 ,0 ,0 ,0 ,0 ,0 ,0 ,0 ,0 
2023,Rogaland (11),Sola (1124),25 948 ,93 ,5 621 ,48 ,666 ,15 ,509 ,3 ,13 ,2 ,143 ,5 
2023,Rogaland (11),Stavanger (1103),82 956 ,315 ,3 411 ,25 ,219 ,6 ,437 ,8 ,123 ,11 ,47 ,7 
2023,Rogaland (11),Strand (1130),26 661 ,123 ,0 ,0 ,6 ,1 ,0 ,0 ,54 ,4 ,19 ,2 
2023,Rogaland (11),Suldal (1134),34 239 ,199 ,0 ,0 ,0 ,0 ,0 ,0 ,73 ,3 ,52 ,3 
2023,Rogaland (11),Time (1121),78 274 ,198 ,3 958 ,41 ,73 ,3 ,88 ,1 ,1 ,1 ,0 ,0 
2023,Rogaland (11),Tysvær (1146),52 296 ,243 ,0 ,0 ,6 ,2 ,0 ,0 ,2 ,1 ,4 ,2 
2023,Rogaland (11),Utsira (1151),1 309 ,6 ,0 ,0 ,0 ,0 ,0 ,0 ,0 ,0 ,0 ,0 
2023,Rogaland (11),Vindafjord (1160),78 316 ,366 ,0 ,0 ,18 ,2 ,3 ,2 ,13 ,4 ,34 ,7 
2023,Troms og Finnmark (54),Alta (5403),24 889 ,75 ,10 ,1 ,40 ,9 ,1 ,1 ,0 ,0 ,0 ,0 
2023,Troms og Finnmark (54),Balsfjord (5422),40 058 ,133 ,0 ,0 ,17 ,7 ,0 ,0 ,0 ,0 ,0 ,0 
2023,Troms og Finnmark (54),Bardu (5416),12 243 ,28 ,0 ,0 ,435 ,2 ,0 ,0 ,0 ,0 ,1 ,1 
2023,Troms og Finnmark (54),Berlevåg (5440),162 ,1 ,0 ,0 ,0 ,0 ,0 ,0 ,0 ,0 ,0 ,0 
2023,Troms og Finnmark (54),Deatnu-Tana (5441),25 816 ,52 ,299 ,1 ,1 ,1 ,0 ,0 ,0 ,0 ,0 ,0 
2023,Troms og Finnmark (54),Dyrøy (5420),4 969 ,15 ,0 ,0 ,1 ,1 ,0 ,0 ,0 ,0 ,0 ,0 
2023,Troms og Finnmark (54),Gáivuotna-Kåfjord-Kaivuono (5426),10 085 ,34 ,0 ,0 ,15 ,2 ,0 ,0 ,0 ,0 ,0 ,0 
2023,Troms og Finnmark (54),Gamvik (5439),153 ,3 ,0 ,0 ,0 ,0 ,0 ,0 ,0 ,0 ,0 ,0 
2023,Troms og Finnmark (54),Gratangen (5414),2 782 ,10 ,0 ,0 ,2 ,2 ,0 ,0 ,0 ,0 ,0 ,0 
2023,Troms og Finnmark (54),Guovdageaidnu-Kautokeino (5430),2 373 ,10 ,0 ,0 ,0 ,0 ,0 ,0 ,0 ,0 ,0 ,0 
2023,Troms og Finnmark (54),Hammerfest (5406),743 ,4 ,0 ,0 ,0 ,0 ,0 ,0 ,0 ,0 ,0 ,0 
2023,Troms og Finnmark (54),Harstad - Hárstták (5402),21 705 ,67 ,0 ,0 ,45 ,4 ,0 ,0 ,0 ,0 ,6 ,1 
2023,Troms og Finnmark (54),Ibestad (5413),5 608 ,17 ,0 ,0 ,0 ,0 ,1 ,1 ,0 ,0 ,0 ,0 
2023,Troms og Finnmark (54),Kárášjohka-Karasjok (5437),6 742 ,24 ,0 ,0 ,0 ,0 ,0 ,0 ,0 ,0 ,0 ,0 
2023,Troms og Finnmark (54),Karlsøy (5423),3 878 ,16 ,0 ,0 ,0 ,0 ,0 ,0 ,0 ,0 ,0 ,0 
2023,Troms og Finnmark (54),Kvæfjord (5411),12 519 ,43 ,0 ,0 ,88 ,8 ,6 ,2 ,0 ,0 ,18 ,3 
2023,Troms og Finnmark (54),Kvænangen (5429),2 279 ,8 ,0 ,0 ,1 ,1 ,4 ,1 ,0 ,0 ,1 ,1 
2023,Troms og Finnmark (54),Lebesby (5438),1 310 ,5 ,0 ,0 ,0 ,0 ,0 ,0 ,0 ,0 ,2 ,1 
2023,Troms og Finnmark (54),Loabák - Lavangen (5415),3 058 ,13 ,0 ,0 ,0 ,0 ,0 ,0 ,0 ,0 ,0 ,0 
2023,Troms og Finnmark (54),Lyngen (5424),14 789 ,37 ,0 ,0 ,5 ,2 ,0 ,0 ,0 ,0 ,7 ,1 
2023,Troms og Finnmark (54),Målselv (5418),27 538 ,59 ,0 ,0 ,1 800 ,13 ,185 ,8 ,0 ,0 ,4 ,1 
2023,Troms og Finnmark (54),Måsøy (5434),118 ,2 ,0 ,0 ,0 ,0 ,0 ,0 ,0 ,0 ,0 ,0 
2023,Troms og Finnmark (54),Nordreisa (5428),16 014 ,47 ,0 ,0 ,6 ,5 ,0 ,0 ,0 ,0 ,2 ,1 
2023,Troms og Finnmark (54),Porsanger-Porsáŋgu-Porsanki  (5436),8 649 ,30 ,0 ,0 ,16 ,2 ,0 ,0 ,0 ,0 ,0 ,0 
2023,Troms og Finnmark (54),Salangen (5417),6 996 ,22 ,0 ,0 ,117 ,1 ,0 ,0 ,0 ,0 ,0 ,0 
2023,Troms og Finnmark (54),Senja (5421),17 594 ,50 ,0 ,0 ,26 ,8 ,4 ,2 ,0 ,0 ,1 ,1 
2023,Troms og Finnmark (54),Skjervøy (5427),503 ,3 ,0 ,0 ,0 ,0 ,0 ,0 ,0 ,0 ,0 ,0 
2023,Troms og Finnmark (54),Storfjord-Omasvuotna-Omasvuono (5425),4 701 ,18 ,0 ,0 ,55 ,5 ,6 ,1 ,0 ,0 ,0 ,0 
2023,Troms og Finnmark (54),Sørreisa (5419),6 017 ,16 ,0 ,0 ,24 ,2 ,0 ,0 ,0 ,0 ,0 ,0 
2023,Troms og Finnmark (54),Sør-Varanger (5444),8 030 ,22 ,0 ,0 ,0 ,0 ,60 ,1 ,0 ,0 ,0 ,0 
2023,Troms og Finnmark (54),Tjeldsund (5412),10 103 ,40 ,0 ,0 ,3 ,3 ,3 ,2 ,0 ,0 ,4 ,1 
2023,Troms og Finnmark (54),Tromsø (5401),16 650 ,63 ,1 ,1 ,23 ,10 ,26 ,10 ,1 ,1 ,48 ,8 
2023,Troms og Finnmark (54),Unjárga-Nesseby (5442),4 190 ,14 ,0 ,0 ,0 ,0 ,0 ,0 ,0 ,0 ,0 ,0 
2023,Troms og Finnmark (54),Vadsø (5405),6 186 ,16 ,0 ,0 ,1 ,1 ,11 ,2 ,0 ,0 ,0 ,0 
2023,Troms og Finnmark (54),Vardø (5404),1 337 ,3 ,0 ,0 ,0 ,0 ,0 ,0 ,0 ,0 ,0 ,0 
2023,Trøndelag (50),Flatanger (5049),8 680 ,40 ,479 ,5 ,1 ,1 ,0 ,0 ,0 ,0 ,0 ,0 
2023,Trøndelag (50),Frosta (5036),6 284 ,34 ,8 779 ,50 ,3 197 ,23 ,4 628 ,27 ,29 ,5 ,106 ,6 
2023,Trøndelag (50),Frøya (5014),7 049 ,45 ,0 ,0 ,2 ,1 ,4 ,1 ,0 ,0 ,0 ,0 
2023,Trøndelag (50),Grong (5045),16 157 ,40 ,3 454 ,14 ,85 ,4 ,0 ,0 ,0 ,0 ,0 ,0 
2023,Trøndelag (50),Heim (5055),35 067 ,147 ,0 ,0 ,0 ,0 ,0 ,0 ,0 ,0 ,0 ,0 
2023,Trøndelag (50),Hitra (5056),15 623 ,62 ,0 ,0 ,0 ,0 ,0 ,0 ,3 ,1 ,13 ,2 
2023,Trøndelag (50),Holtålen (5026),17 171 ,71 ,0 ,0 ,0 ,0 ,0 ,0 ,0 ,0 ,0 ,0 
2023,Trøndelag (50),Høylandet (5046),17 781 ,49 ,2 125 ,10 ,0 ,0 ,0 ,0 ,0 ,0 ,60 ,2 
2023,Trøndelag (50),Inderøy (5053),35 867 ,121 ,27 138 ,102 ,550 ,5 ,597 ,17 ,23 ,4 ,64 ,2 
2023,Trøndelag (50),Indre Fosen (5054),65 302 ,225 ,14 312 ,85 ,15 ,6 ,4 ,2 ,11 ,2 ,43 ,3 
2023,Trøndelag (50),Leka (5052),9 662 ,35 ,196 ,2 ,4 ,2 ,0 ,0 ,0 ,0 ,0 ,0 
2023,Trøndelag (50),Levanger (5037),65 167 ,230 ,65 265 ,235 ,2 597 ,12 ,1 102 ,11 ,85 ,6 ,81 ,4 
2023,Trøndelag (50),Lierne (5042),13 245 ,41 ,0 ,0 ,10 ,1 ,0 ,0 ,0 ,0 ,0 ,0 
2023,Trøndelag (50),Malvik (5031),8 752 ,46 ,4 644 ,28 ,2 ,1 ,10 ,1 ,0 ,0 ,0 ,0 
2023,Trøndelag (50),Melhus (5028),35 159 ,138 ,33 524 ,140 ,490 ,10 ,71 ,5 ,1 ,1 ,1 ,1 
2023,Trøndelag (50),Meråker (5034),9 728 ,45 ,492 ,5 ,128 ,3 ,1 ,1 ,0 ,0 ,0 ,0 
2023,Trøndelag (50),Midtre Gauldal (5027),54 846 ,249 ,742 ,8 ,1 ,1 ,0 ,0 ,0 ,0 ,0 ,0 
2023,Trøndelag (50),Namsos (5007),49 187 ,133 ,7 289 ,35 ,6 ,2 ,5 ,3 ,0 ,0 ,10 ,3 
2023,Trøndelag (50),Namsskogan (5044),7 021 ,18 ,0 ,0 ,0 ,0 ,0 ,0 ,0 ,0 ,0 ,0 
2023,Trøndelag (50),Nærøysund (5060),47 852 ,148 ,898 ,8 ,7 ,3 ,1 ,1 ,4 ,1 ,10 ,1 
2023,Trøndelag (50),Oppdal (5021),71 082 ,173 ,10 ,1 ,576 ,10 ,0 ,0 ,0 ,0 ,0 ,0 
2023,Trøndelag (50),Orkland (5059),79 795 ,242 ,13 881 ,70 ,67 ,3 ,11 ,3 ,0 ,0 ,98 ,4 
2023,Trøndelag (50),Osen (5020),7 860 ,22 ,0 ,0 ,0 ,0 ,0 ,0 ,0 ,0 ,0 ,0 
2023,Trøndelag (50),Overhalla (5047),29 763 ,76 ,13 712 ,54 ,2 459 ,15 ,224 ,2 ,0 ,0 ,15 ,1 
2023,Trøndelag (50),Rennebu (5022),32 523 ,111 ,1 534 ,21 ,11 ,2 ,6 ,1 ,0 ,0 ,2 ,2 
2023,Trøndelag (50),Rindal (5061),24 573 ,67 ,0 ,0 ,0 ,0 ,0 ,0 ,0 ,0 ,0 ,0 
2023,Trøndelag (50),Røros (5025),22 932 ,55 ,0 ,0 ,1 ,1 ,0 ,0 ,0 ,0 ,0 ,0 
2023,Trøndelag (50),Raarvihke - Røyrvik (5043),3 586 ,14 ,0 ,0 ,0 ,0 ,0 ,0 ,0 ,0 ,0 ,0 
2023,Trøndelag (50),Selbu (5032),28 683 ,92 ,5 654 ,33 ,6 ,1 ,1 ,1 ,0 ,0 ,0 ,0 
2023,Trøndelag (50),Skaun (5029),15 901 ,84 ,13 699 ,76 ,32 ,3 ,0 ,0 ,0 ,0 ,5 ,1 
2023,Trøndelag (50),Snåase-Snåsa (5041),26 537 ,82 ,11 918 ,51 ,8 ,1 ,0 ,0 ,0 ,0 ,0 ,0 
2023,Trøndelag (50),Steinkjer (5006),96 775 ,333 ,72 476 ,271 ,391 ,11 ,383 ,10 ,24 ,2 ,353 ,9 
2023,Trøndelag (50),Stjørdal (5035),39 117 ,171 ,44 324 ,171 ,1 472 ,18 ,5 ,4 ,40 ,1 ,78 ,3 
2023,Trøndelag (50),Trondheim (5001),20 282 ,117 ,42 015 ,167 ,27 ,11 ,23 ,8 ,26 ,7 ,208 ,5 
2023,Trøndelag (50),Tydal (5033),9 168 ,33 ,0 ,0 ,0 ,0 ,0 ,0 ,0 ,0 ,0 ,0 
2023,Trøndelag (50),Verdal (5038),46 844 ,181 ,36 425 ,162 ,1 259 ,10 ,114 ,1 ,0 ,0 ,3 ,1 
2023,Trøndelag (50),Ørland (5057),44 465 ,126 ,22 162 ,94 ,50 ,10 ,237 ,9 ,9 ,2 ,9 ,2 
2023,Trøndelag (50),Åfjord (5058),34 232 ,86 ,2 728 ,18 ,13 ,4 ,3 ,1 ,0 ,0 ,31 ,2 
2023,Vestfold og Telemark (38),Bamble (3813),6 060 ,30 ,1 839 ,11 ,85 ,2 ,1 ,1 ,0 ,0 ,2 ,1 
2023,Vestfold og Telemark (38),Drangedal (3815),10 292 ,56 ,717 ,6 ,0 ,0 ,3 ,1 ,0 ,0 ,0 ,0 
2023,Vestfold og Telemark (38),Fyresdal (3823),7 072 ,42 ,0 ,0 ,2 ,1 ,1 ,1 ,1 ,1 ,0 ,0 
2023,Vestfold og Telemark (38),Færder (3811),3 570 ,26 ,7 889 ,15 ,1 276 ,2 ,5 700 ,7 ,101 ,2 ,472 ,8 
2023,Vestfold og Telemark (38),Hjartdal (3819),10 645 ,71 ,280 ,4 ,1 ,1 ,0 ,0 ,0 ,0 ,45 ,1 
2023,Vestfold og Telemark (38),Holmestrand (3802),17 001 ,74 ,43 485 ,136 ,1 007 ,11 ,1 563 ,8 ,217 ,7 ,261 ,9 
2023,Vestfold og Telemark (38),Horten (3801),5 257 ,24 ,11 860 ,36 ,109 ,3 ,773 ,6 ,8 ,3 ,98 ,5 
2023,Vestfold og Telemark (38),Kragerø (3814),4 010 ,18 ,0 ,0 ,1 ,1 ,1 ,1 ,19 ,1 ,6 ,1 
2023,Vestfold og Telemark (38),Kviteseid (3821),9 805 ,46 ,266 ,3 ,0 ,0 ,0 ,0 ,40 ,2 ,0 ,0 
2023,Vestfold og Telemark (38),Larvik (3805),16 800 ,109 ,60 834 ,232 ,7 636 ,56 ,5 986 ,39 ,50 ,6 ,477 ,19 
2023,Vestfold og Telemark (38),Midt-Telemark (3817),9 478 ,74 ,28 555 ,122 ,16 ,2 ,13 ,5 ,3 553 ,74 ,310 ,14 
2023,Vestfold og Telemark (38),Nissedal (3822),3 556 ,17 ,52 ,1 ,1 ,1 ,0 ,0 ,0 ,0 ,0 ,0 
2023,Vestfold og Telemark (38),Nome (3816),12 202 ,58 ,13 374 ,58 ,74 ,6 ,12 ,2 ,321 ,9 ,292 ,9 
2023,Vestfold og Telemark (38),Notodden (3808),10 389 ,58 ,8 234 ,44 ,8 ,2 ,0 ,0 ,229 ,6 ,241 ,7 
2023,Vestfold og Telemark (38),Porsgrunn (3806),4 357 ,19 ,610 ,6 ,3 ,1 ,11 ,2 ,0 ,0 ,1 ,1 
2023,Vestfold og Telemark (38),Sandefjord (3804),25 461 ,143 ,66 773 ,228 ,517 ,6 ,632 ,15 ,189 ,11 ,237 ,12 
2023,Vestfold og Telemark (38),Seljord (3820),12 253 ,50 ,398 ,4 ,0 ,0 ,0 ,0 ,21 ,2 ,0 ,0 
2023,Vestfold og Telemark (38),Siljan (3812),3 269 ,15 ,2 294 ,16 ,2 ,1 ,7 ,1 ,0 ,0 ,1 ,1 
2023,Vestfold og Telemark (38),Skien (3807),22 156 ,119 ,14 552 ,84 ,1 100 ,11 ,1 510 ,14 ,14 ,2 ,201 ,8 
2023,Vestfold og Telemark (38),Tinn (3818),11 244 ,70 ,0 ,0 ,16 ,2 ,0 ,0 ,3 ,2 ,6 ,2 
2023,Vestfold og Telemark (38),Tokke (3824),10 974 ,59 ,1 ,1 ,1 ,1 ,1 ,1 ,0 ,0 ,0 ,0 
2023,Vestfold og Telemark (38),Tønsberg (3803),21 874 ,138 ,83 810 ,220 ,2 826 ,12 ,1 431 ,17 ,44 ,4 ,187 ,8 
2023,Vestfold og Telemark (38),Vinje (3825),14 425 ,83 ,0 ,0 ,0 ,0 ,0 ,0 ,0 ,0 ,0 ,0 
2023,Vestland (46),Alver (4631),72 486 ,458 ,0 ,0 ,0 ,0 ,1 ,1 ,10 ,2 ,13 ,6 
2023,Vestland (46),Askvoll (4645),19 976 ,107 ,0 ,0 ,0 ,0 ,0 ,0 ,0 ,0 ,0 ,0 
2023,Vestland (46),Askøy (4627),2 981 ,33 ,0 ,0 ,0 ,0 ,0 ,0 ,0 ,0 ,1 ,1 
2023,Vestland (46),Aurland (4641),7 602 ,59 ,0 ,0 ,5 ,1 ,10 ,1 ,42 ,4 ,8 ,3 
2023,Vestland (46),Austevoll (4625),3 057 ,53 ,0 ,0 ,0 ,0 ,0 ,0 ,0 ,0 ,1 ,1 
2023,Vestland (46),Austrheim (4632),5 245 ,31 ,0 ,0 ,0 ,0 ,0 ,0 ,0 ,0 ,0 ,0 
2023,Vestland (46),Bergen (4601),15 467 ,121 ,0 ,0 ,3 ,2 ,17 ,4 ,9 ,3 ,15 ,3 
2023,Vestland (46),Bjørnafjorden (4624),20 483 ,155 ,0 ,0 ,1 ,1 ,8 ,5 ,14 ,2 ,0 ,0 
2023,Vestland (46),Bremanger (4648),9 451 ,79 ,0 ,0 ,0 ,0 ,0 ,0 ,0 ,0 ,0 ,0 
2023,Vestland (46),Bømlo (4613),12 604 ,113 ,0 ,0 ,0 ,0 ,2 ,1 ,0 ,0 ,0 ,0 
2023,Vestland (46),Eidfjord (4619),2 504 ,18 ,0 ,0 ,0 ,0 ,0 ,0 ,8 ,1 ,0 ,0 
2023,Vestland (46),Etne (4611),28 221 ,142 ,171 ,2 ,63 ,3 ,2 ,1 ,0 ,0 ,1 ,1 
2023,Vestland (46),Fedje (4633),294 ,4 ,0 ,0 ,0 ,0 ,0 ,0 ,0 ,0 ,0 ,0 
2023,Vestland (46),Fitjar (4615),7 383 ,72 ,0 ,0 ,0 ,0 ,0 ,0 ,1 ,1 ,0 ,0 
2023,Vestland (46),Fjaler (4646),17 416 ,105 ,0 ,0 ,0 ,0 ,0 ,0 ,0 ,0 ,0 ,0 
2023,Vestland (46),Gloppen (4650),35 842 ,220 ,0 ,0 ,21 ,10 ,13 ,6 ,294 ,19 ,239 ,13 
2023,Vestland (46),Gulen (4635),17 449 ,91 ,0 ,0 ,0 ,0 ,1 ,1 ,0 ,0 ,6 ,1 
2023,Vestland (46),Hyllestad (4637),7 495 ,47 ,0 ,0 ,1 ,1 ,1 ,1 ,0 ,0 ,0 ,0 
2023,Vestland (46),Høyanger (4638),10 283 ,62 ,0 ,0 ,1 ,1 ,0 ,0 ,15 ,2 ,0 ,0 
2023,Vestland (46),Kinn (4602),21 456 ,144 ,0 ,0 ,0 ,0 ,0 ,0 ,0 ,0 ,0 ,0 
2023,Vestland (46),Kvam (4622),21 512 ,156 ,0 ,0 ,6 ,2 ,5 ,1 ,590 ,33 ,58 ,9 
2023,Vestland (46),Kvinnherad (4617),40 372 ,231 ,0 ,0 ,0 ,0 ,1 ,1 ,15 ,4 ,6 ,3 
2023,Vestland (46),Luster (4644),35 786 ,203 ,0 ,0 ,4 ,4 ,4 ,1 ,189 ,15 ,395 ,22 
2023,Vestland (46),Lærdal (4642),10 932 ,85 ,148 ,4 ,889 ,23 ,404 ,17 ,560 ,25 ,76 ,9 
2023,Vestland (46),Masfjorden (4634),7 016 ,68 ,0 ,0 ,1 ,1 ,0 ,0 ,1 ,1 ,0 ,0 
2023,Vestland (46),Modalen (4629),1 466 ,10 ,0 ,0 ,1 ,1 ,0 ,0 ,0 ,0 ,0 ,0 
2023,Vestland (46),Osterøy (4630),21 211 ,115 ,0 ,0 ,0 ,0 ,2 ,2 ,4 ,1 ,0 ,0 
2023,Vestland (46),Samnanger (4623),2 693 ,33 ,0 ,0 ,0 ,0 ,1 ,1 ,0 ,0 ,0 ,0 
2023,Vestland (46),Sogndal (4640),29 532 ,197 ,0 ,0 ,1 ,1 ,4 ,2 ,1 589 ,88 ,116 ,13 
2023,Vestland (46),Solund (4636),3 013 ,34 ,0 ,0 ,0 ,0 ,0 ,0 ,0 ,0 ,0 ,0 
2023,Vestland (46),Stad (4649),33 278 ,200 ,0 ,0 ,4 ,4 ,3 ,2 ,79 ,7 ,30 ,2 
2023,Vestland (46),Stord (4614),7 124 ,66 ,0 ,0 ,1 ,1 ,3 ,1 ,1 ,1 ,2 ,1 
2023,Vestland (46),Stryn (4651),32 858 ,209 ,0 ,0 ,1 ,1 ,4 ,2 ,726 ,35 ,335 ,19 
2023,Vestland (46),Sunnfjord (4647),86 991 ,488 ,0 ,0 ,9 ,5 ,9 ,2 ,0 ,0 ,0 ,0 
2023,Vestland (46),Sveio (4612),26 000 ,149 ,0 ,0 ,4 ,3 ,1 ,1 ,9 ,2 ,32 ,2 
2023,Vestland (46),Tysnes (4616),10 784 ,100 ,0 ,0 ,0 ,0 ,0 ,0 ,0 ,0 ,2 ,1 
2023,Vestland (46),Ullensvang (4618),15 091 ,178 ,0 ,0 ,0 ,0 ,1 ,1 ,5 722 ,209 ,29 ,5 
2023,Vestland (46),Ulvik (4620),6 149 ,43 ,0 ,0 ,2 ,2 ,2 ,2 ,554 ,27 ,10 ,5 
2023,Vestland (46),Vaksdal (4628),5 939 ,43 ,0 ,0 ,0 ,0 ,1 ,1 ,0 ,0 ,26 ,1 
2023,Vestland (46),Vik (4639),20 448 ,125 ,0 ,0 ,1 ,1 ,2 ,2 ,110 ,14 ,466 ,27 
2023,Vestland (46),Voss (4621),55 833 ,368 ,15 ,1 ,10 ,7 ,15 ,6 ,309 ,14 ,18 ,4 
2023,Vestland (46),Øygarden (4626),8 700 ,101 ,0 ,0 ,0 ,0 ,0 ,0 ,0 ,0 ,0 ,0 
2023,Vestland (46),Årdal (4643),1 138 ,7 ,0 ,0 ,0 ,0 ,0 ,0 ,3 ,1 ,4 ,1 
2023,Viken (30),Aremark (3012),5 738 ,23 ,12 311 ,46 ,3 ,3 ,2 ,2 ,0 ,0 ,0 ,0 
2023,Viken (30),Asker (3025),12 361 ,53 ,21 628 ,58 ,5 ,4 ,413 ,7 ,143 ,5 ,120 ,7 
2023,Viken (30),Aurskog-Høland (3026),14 839 ,104 ,81 724 ,198 ,26 ,2 ,81 ,4 ,0 ,0 ,10 ,3 
2023,Viken (30),Bærum (3024),5 933 ,27 ,6 807 ,13 ,15 ,3 ,27 ,4 ,26 ,3 ,47 ,3 
2023,Viken (30),Drammen (3005),4 427 ,32 ,13 511 ,39 ,200 ,2 ,342 ,5 ,1 600 ,25 ,150 ,8 
2023,Viken (30),Eidsvoll (3035),22 847 ,98 ,24 141 ,78 ,2 057 ,9 ,282 ,2 ,4 ,1 ,70 ,3 
2023,Viken (30),Enebakk (3028),6 817 ,35 ,17 504 ,57 ,0 ,0 ,0 ,0 ,0 ,0 ,0 ,0 
2023,Viken (30),Flesberg (3050),6 455 ,37 ,4 811 ,21 ,95 ,2 ,0 ,0 ,0 ,0 ,4 ,1 
2023,Viken (30),Flå (3039),2 163 ,18 ,1 706 ,10 ,0 ,0 ,0 ,0 ,0 ,0 ,0 ,0 
2023,Viken (30),Fredrikstad (3004),7 472 ,65 ,53 842 ,181 ,9 ,4 ,286 ,7 ,17 ,1 ,38 ,3 
2023,Viken (30),Frogn (3022),541 ,6 ,10 794 ,25 ,10 ,1 ,711 ,5 ,3 ,2 ,168 ,2 
2023,Viken (30),Gjerdrum (3032),5 352 ,23 ,19 131 ,42 ,0 ,0 ,0 ,0 ,0 ,0 ,0 ,0 
2023,Viken (30),Gol (3041),21 003 ,88 ,45 ,2 ,1 ,1 ,0 ,0 ,0 ,0 ,0 ,0 
2023,Viken (30),Halden (3001),9 831 ,81 ,49 354 ,162 ,89 ,4 ,0 ,0 ,36 ,2 ,17 ,2 
2023,Viken (30),Hemsedal (3042),20 038 ,65 ,96 ,1 ,2 ,2 ,0 ,0 ,0 ,0 ,0 ,0 
2023,Viken (30),Hol (3044),16 689 ,71 ,0 ,0 ,3 ,1 ,2 ,1 ,0 ,0 ,0 ,0 
2023,Viken (30),Hole (3038),1 105 ,21 ,14 267 ,57 ,160 ,1 ,2 978 ,3 ,217 ,6 ,1 114 ,7 
2023,Viken (30),Hurdal (3037),6 406 ,42 ,1 078 ,7 ,2 ,1 ,10 ,1 ,16 ,1 ,14 ,2 
2023,Viken (30),Hvaler (3011),2 685 ,13 ,373 ,4 ,20 ,1 ,0 ,0 ,0 ,0 ,0 ,0 
2023,Viken (30),Indre Østfold (3014),36 582 ,199 ,188 929 ,461 ,885 ,3 ,690 ,7 ,11 ,5 ,718 ,7 
2023,Viken (30),Jevnaker (3053),9 710 ,42 ,4 480 ,30 ,92 ,3 ,11 ,3 ,22 ,2 ,3 ,2 
2023,Viken (30),Kongsberg (3006),14 429 ,69 ,17 744 ,85 ,243 ,4 ,5 ,2 ,62 ,2 ,50 ,1 
2023,Viken (30),Krødsherad (3046),4 681 ,25 ,3 593 ,20 ,283 ,4 ,1 ,1 ,1 ,1 ,514 ,4 
2023,Viken (30),Lier (3049),16 290 ,62 ,11 186 ,59 ,1 ,1 ,8 023 ,22 ,1 264 ,25 ,427 ,9 
2023,Viken (30),Lillestrøm (3030),23 048 ,121 ,85 635 ,228 ,595 ,6 ,36 ,5 ,1 ,1 ,5 ,2 
2023,Viken (30),Lunner (3054),11 866 ,63 ,15 611 ,59 ,118 ,6 ,21 ,2 ,1 ,1 ,68 ,2 
2023,Viken (30),Lørenskog (3029),2 622 ,13 ,2 603 ,12 ,0 ,0 ,0 ,0 ,0 ,0 ,0 ,0 
2023,Viken (30),Marker (3013),8 073 ,53 ,31 141 ,87 ,25 ,2 ,88 ,3 ,3 ,1 ,63 ,3 
2023,Viken (30),Modum (3047),22 175 ,101 ,28 595 ,133 ,14 ,4 ,119 ,4 ,21 ,2 ,224 ,3 
2023,Viken (30),Moss (3002),2 821 ,21 ,18 194 ,67 ,1 631 ,17 ,4 005 ,31 ,141 ,2 ,408 ,8 
2023,Viken (30),Nannestad (3036),14 982 ,74 ,34 840 ,104 ,118 ,4 ,22 ,2 ,0 ,0 ,67 ,1 
2023,Viken (30),Nes (3034),14 560 ,91 ,114 547 ,255 ,2 145 ,12 ,9 ,4 ,19 ,2 ,7 ,2 
2023,Viken (30),Nesbyen (3040),16 931 ,76 ,449 ,6 ,4 ,1 ,0 ,0 ,0 ,0 ,0 ,0 
2023,Viken (30),Nesodden (3023),1 795 ,9 ,3 350 ,9 ,0 ,0 ,0 ,0 ,0 ,0 ,0 ,0 
2023,Viken (30),Nittedal (3031),4 343 ,27 ,9 038 ,27 ,0 ,0 ,5 ,1 ,2 ,1 ,0 ,0 
2023,Viken (30),Nordre Follo (3020),5 360 ,27 ,33 255 ,60 ,0 ,0 ,540 ,2 ,11 ,1 ,260 ,4 
2023,Viken (30),Nore og Uvdal (3052),18 698 ,113 ,525 ,1 ,0 ,0 ,0 ,0 ,0 ,0 ,0 ,0 
2023,Viken (30),Rakkestad (3016),16 426 ,99 ,95 411 ,239 ,2 ,2 ,2 ,1 ,2 ,1 ,8 ,1 
2023,Viken (30),Ringerike (3007),19 538 ,106 ,51 528 ,152 ,1 584 ,12 ,11 ,3 ,252 ,3 ,59 ,3 
2023,Viken (30),Rollag (3051),7 092 ,36 ,1 527 ,9 ,73 ,1 ,0 ,0 ,0 ,0 ,0 ,0 
2023,Viken (30),Rælingen (3027),3 556 ,12 ,2 585 ,10 ,2 ,1 ,0 ,0 ,0 ,0 ,0 ,0 
2023,Viken (30),Råde (3017),2 372 ,26 ,29 109 ,89 ,1 207 ,14 ,547 ,13 ,130 ,1 ,19 ,2 
2023,Viken (30),Sarpsborg (3003),17 514 ,112 ,56 737 ,197 ,217 ,8 ,9 ,4 ,53 ,2 ,31 ,4 
2023,Viken (30),Sigdal (3045),16 330 ,92 ,15 786 ,96 ,49 ,3 ,0 ,0 ,0 ,0 ,0 ,0 
2023,Viken (30),Skiptvet (3015),5 881 ,41 ,23 359 ,79 ,0 ,0 ,0 ,0 ,3 ,1 ,0 ,0 
2023,Viken (30),Ullensaker (3033),10 345 ,50 ,69 774 ,160 ,160 ,2 ,3 ,3 ,0 ,0 ,628 ,2 
2023,Viken (30),Vestby (3019),2 340 ,25 ,30 063 ,59 ,25 ,3 ,11 ,1 ,3 ,1 ,63 ,2 
2023,Viken (30),Våler (Østf.) (3018),5 733 ,39 ,27 984 ,86 ,0 ,0 ,0 ,0 ,6 ,2 ,2 ,1 
2023,Viken (30),Øvre Eiker (3048),14 733 ,72 ,31 352 ,136 ,3 ,1 ,92 ,4 ,987 ,18 ,245 ,10 
2023,Viken (30),Ål (3043),36 076 ,142 ,0 ,0 ,0 ,0 ,0 ,0 ,0 ,0 ,0 ,0 
2023,Viken (30),Ås (3021),4 621 ,15 ,35 345 ,65 ,164 ,5 ,152 ,5 ,38 ,3 ,131 ,5 